	Gene ID	source_id	Input Order	Input ID	Product Description	Gene Name or Symbol	Apollo Product Description	PFam ID	Computed GO Component IDs	Computed GO Components	Computed GO Function IDs	Computed GO Process IDs	Computed GO Functions	Computed GO Processes	Curated GO Component IDs	Curated GO Components	Curated GO Functions	Curated GO Function IDs	Curated GO Process IDs	Curated GO Processes	UniProt ID(s)
0	PF3D7_0105700	PF3D7_0105700.1	1	PF3D7_0105700	asparagine-rich antigen Pfa35-2		None								GO:0048188;GO:0005634	Set1C/COMPASS complex;nucleus	mRNA binding	GO:0003729	GO:0051568	histone H3-K4 methylation	Q03628,Q8I284
1	PF3D7_0106400	PF3D7_0106400.1	2	PF3D7_0106400	pre-rRNA-processing protein TSR2, putative		None	PF10273											GO:0000462	maturation of SSU-rRNA from tricistronic rRNA transcript (SSU-rRNA, 5.8S rRNA, LSU-rRNA)	Q8I278
2	PF3D7_0107900	PF3D7_0107900.1	163	PF3D7_0107900	conserved Plasmodium protein, unknown function		None								GO:0020011	apicoplast					Q8I262
3	PF3D7_0108300	PF3D7_0108300.1	164	PF3D7_0108300	conserved Plasmodium protein, unknown function	ARP	None								GO:0030430;GO:0044228	host cell cytoplasm;host cell surface	mRNA binding	GO:0003729			O96422,Q8I259
4	PF3D7_0109600	PF3D7_0109600.1	165	PF3D7_0109600	cold-shock protein	CoSP	None	PF00313			GO:0003676		nucleic acid binding		GO:0005737;GO:0005829	cytoplasm;cytosol	RNA binding;alpha-tubulin binding;beta-tubulin binding;double-stranded DNA binding;mRNA 3'-UTR binding	GO:0003723;GO:0043014;GO:0048487;GO:0003690;GO:0003730	GO:0035556;GO:0043488;GO:0006355;GO:0009410	intracellular signal transduction;regulation of mRNA stability;regulation of transcription, DNA-templated;response to xenobiotic stimulus	Q8I248
5	PF3D7_0109700	PF3D7_0109700.1	166	PF3D7_0109700	rRNA biogenesis protein RRP36, putative	RRP36	None	PF06102				GO:0000469		cleavage involved in rRNA processing	GO:0030686;GO:0005730	90S preribosome;nucleolus			GO:0000462	maturation of SSU-rRNA from tricistronic rRNA transcript (SSU-rRNA, 5.8S rRNA, LSU-rRNA)	Q8I247
6	PF3D7_0110800	PF3D7_0110800.1	3	PF3D7_0110800	transcription initiation factor TFIIB, putative		None	PF08271			GO:0046872;GO:0003743	GO:0006352;GO:0070897	metal ion binding;translation initiation factor activity	DNA-templated transcription, initiation;transcription preinitiation complex assembly	GO:0005634;GO:0097550;GO:0005667	nucleus;transcription preinitiation complex;transcription regulator complex	RNA polymerase II complex binding;RNA polymerase II complex recruiting activity;RNA polymerase II core promoter sequence-specific DNA binding;TBP-class protein binding;transcription factor binding	GO:0000993;GO:0001139;GO:0000979;GO:0017025;GO:0008134	GO:0006352;GO:0051123;GO:0006367;GO:0001174	DNA-templated transcription, initiation;RNA polymerase II preinitiation complex assembly;transcription initiation from RNA polymerase II promoter;transcriptional start site selection at RNA polymerase II promoter	Q8I237
7	PF3D7_0111800	PF3D7_0111800.1	167	PF3D7_0111800	eukaryotic translation initiation factor 4E, putative		None	PF01652			GO:0003723;GO:0003743	GO:0006413	RNA binding;translation initiation factor activity	translational initiation	GO:0016281;GO:0005634	eukaryotic translation initiation factor 4F complex;nucleus	RNA 7-methylguanosine cap binding;translation initiation factor activity	GO:0000340;GO:0003743			B9ZSJ0
8	PF3D7_0201800	PF3D7_0201800.1	4	PF3D7_0201800	knob associated heat shock protein 40	KAHsp40	None	PF00226;PF01556			GO:0051082	GO:0006457	unfolded protein binding	protein folding	GO:0020036;GO:0005829;GO:0020030;GO:0005634	Maurer's cleft;cytosol;infected host cell surface knob;nucleus	chaperone binding;protein binding;unfolded protein binding	GO:0051087;GO:0005515;GO:0051082	GO:0051085	chaperone cofactor-dependent protein refolding	O96123
9	PF3D7_0205700	PF3D7_0205700.1	168	PF3D7_0205700	RNA-binding protein, putative		None	PF00076			GO:0003723;GO:0003676		RNA binding;nucleic acid binding								O96152
11	PF3D7_0208200	PF3D7_0208200.1	169	PF3D7_0208200	KRR1 small subunit processome component, putative	KRR1	None	PF17903			GO:0003723	GO:0006364	RNA binding	rRNA processing	GO:0005730;GO:0005634;GO:0030688;GO:0032040	nucleolus;nucleus;preribosome, small subunit precursor;small-subunit processome			GO:0006364;GO:0042274	rRNA processing;ribosomal small subunit biogenesis	O96169
12	PF3D7_0212200	PF3D7_0212200.1	170	PF3D7_0212200	ribosomal protein L12, mitochondrial, putative		None	PF00542	GO:0005840	ribosome	GO:0003735	GO:0006412	structural constituent of ribosome	translation	GO:0022625;GO:0005739;GO:0005634	cytosolic large ribosomal subunit;mitochondrion;nucleus	structural constituent of ribosome	GO:0003735	GO:0006412	translation	O96202
13	PF3D7_0212900	PF3D7_0212900.1	171	PF3D7_0212900	arginyl-tRNA--protein transferase	ATEL1	None	PF03588			GO:0004057;GO:0008914	GO:0030163	arginyltransferase activity;leucyltransferase activity	protein catabolic process	GO:0005737	cytoplasm	arginyltransferase activity;catalytic activity;leucyltransferase activity	GO:0004057;GO:0003824;GO:0008914	GO:0016598	protein arginylation	O96210,Q195H6
14	PF3D7_0218200	PF3D7_0218200.1	5	PF3D7_0218200	SUZ domain-containing protein, putative		None	PF12752							GO:0005829	cytosol	rRNA (guanine-N1-)-methyltransferase activity	GO:0008989	GO:0000027	ribosomal large subunit assembly	C6S3B8
15	PF3D7_0218400	PF3D7_0218400.1	172	PF3D7_0218400	ATP-dependent RNA helicase DDX47, putative	DDX47	None	PF00270;PF00271			GO:0005524;GO:0004386;GO:0003676		ATP binding;helicase activity;nucleic acid binding		GO:0005634	nucleus	RNA helicase activity	GO:0003724	GO:0006364	rRNA processing	A7U5W7,O96264
16	PF3D7_0302800	PF3D7_0302800.1	173	PF3D7_0302800	RNA-binding protein, putative		None				GO:0003723;GO:0003676		RNA binding;nucleic acid binding		GO:0005634	nucleus	mRNA binding	GO:0003729			O77316
17	PF3D7_0304400	PF3D7_0304400.1	174	PF3D7_0304400	60S ribosomal protein L44	RPL44	None	PF00935	GO:0005840	ribosome	GO:0003735	GO:0006412	structural constituent of ribosome	translation	GO:0022625;GO:0005634	cytosolic large ribosomal subunit;nucleus	structural constituent of ribosome	GO:0003735	GO:0006412	translation	O97231
18	PF3D7_0307100	PF3D7_0307100.1	175	PF3D7_0307100	40S ribosomal protein S12, putative	RPS12	None	PF01248	GO:0005840	ribosome	GO:0003735	GO:0006412	structural constituent of ribosome	translation	GO:0022627;GO:0005634	cytosolic small ribosomal subunit;nucleus	structural constituent of ribosome	GO:0003735	GO:0006412	translation	O97249
19	PF3D7_0309600	PF3D7_0309600.1	176	PF3D7_0309600	60S acidic ribosomal protein P2	PfP2	None	PF00428	GO:0005840	ribosome	GO:0003735	GO:0006414	structural constituent of ribosome	translational elongation	GO:0020036;GO:0009986;GO:0044228;GO:0005634	Maurer's cleft;cell surface;host cell surface;nucleus	RNA binding	GO:0003723	GO:0044409;GO:0051262	entry into host;protein tetramerization	O00806,Q548Y1
20	PF3D7_0309800	PF3D7_0309800.1	177	PF3D7_0309800	YTH domain-containing protein 2	YTH2	None	PF04146			GO:0003723		RNA binding		GO:0005737	cytoplasm	N6-methyladenosine-containing RNA binding;mRNA binding	GO:1990247;GO:0003729	GO:0061157;GO:0006417	mRNA destabilization;regulation of translation	O77335
21	PF3D7_0310000	PF3D7_0310000.1	6	PF3D7_0310000	50S ribosomal protein L9, apicoplast, putative		None	PF01281	GO:0005840	ribosome					GO:0020011	apicoplast					Q9NLA7
22	PF3D7_0311100	PF3D7_0311100.1	178	PF3D7_0311100	pre-mRNA splicing factor, putative		None	PF01480				GO:0006397		mRNA processing	GO:0005634	nucleus					O77355
23	PF3D7_0313500	PF3D7_0313500.1	7	PF3D7_0313500	Ras-like G protein	PfG	None	PF01926;PF14714			GO:0005525		GTP binding		GO:0020036;GO:0005829	Maurer's cleft;cytosol	GTPase activity	GO:0003924			A0A0P0ZF19,O77338
24	PF3D7_0316100	PF3D7_0316100.1	8	PF3D7_0316100	ribosomal protein L27, mitochondrial, putative		None	PF01016	GO:0005840	ribosome	GO:0003735	GO:0006412	structural constituent of ribosome	translation	GO:0005762;GO:0005739	mitochondrial large ribosomal subunit;mitochondrion	structural constituent of ribosome	GO:0003735			Q9NDU6
25	PF3D7_0317700	PF3D7_0317700.1	9	PF3D7_0317700	CPSF (cleavage and polyadenylation specific factor), subunit A, putative		None	PF03178	GO:0005634	nucleus	GO:0003676;GO:0005515	GO:0006281	nucleic acid binding;protein binding	DNA repair	GO:0031461;GO:0005634	cullin-RING ubiquitin ligase complex;nucleus	damaged DNA binding	GO:0003684	GO:0006289;GO:0043161	nucleotide-excision repair;proteasome-mediated ubiquitin-dependent protein catabolic process	C7DU24,O77380,Q8IFS8,Q9U0N9
26	PF3D7_0319500	PF3D7_0319500.1	10	PF3D7_0319500	RNA-binding protein, putative		None	PF00076			GO:0003676		nucleic acid binding		GO:0005686;GO:0071011	U2 snRNP;precatalytic spliceosome	RNA binding	GO:0003723	GO:0000398	mRNA splicing, via spliceosome	O97318
27	PF3D7_0321800	PF3D7_0321800.1	179	PF3D7_0321800	WD repeat-containing protein, putative		None				GO:0005515		protein binding		GO:0005634;GO:0071011	nucleus;precatalytic spliceosome			GO:0008380	RNA splicing	O97292
28	PF3D7_0322000	PF3D7_0322000.1	180	PF3D7_0322000	peptidyl-prolyl cis-trans isomerase	CYP19A	None	PF00160			GO:0003755	GO:0006457;GO:0000413	peptidyl-prolyl cis-trans isomerase activity	protein folding;protein peptidyl-prolyl isomerization	GO:0020036;GO:0005737;GO:0005829;GO:0005739;GO:0005634	Maurer's cleft;cytoplasm;cytosol;mitochondrion;nucleus	cyclosporin A binding;peptidyl-prolyl cis-trans isomerase activity	GO:0016018;GO:0003755	GO:0006457;GO:0000413	protein folding;protein peptidyl-prolyl isomerization	Q25756,Q76NN7
29	PF3D7_0323500	PF3D7_0323500.1	181	PF3D7_0323500	survival motor neuron-like protein	SMN	None								GO:0005634;GO:0005681	nucleus;spliceosomal complex	RNA binding;nuclease activity	GO:0003723;GO:0004518			O97304
30	PF3D7_0323700	PF3D7_0323700.1	182	PF3D7_0323700	U4/U6.U5 tri-snRNP-associated protein 1, putative	SART1	None	PF03343				GO:0000398		mRNA splicing, via spliceosome	GO:0046540;GO:0005634	U4/U6 x U5 tri-snRNP complex;nucleus			GO:0045292;GO:0000481	mRNA cis splicing, via spliceosome;maturation of 5S rRNA	O97303,Q9BJX1,Q9GTW4
31	PF3D7_0323800	PF3D7_0323800.1	183	PF3D7_0323800	conserved Plasmodium protein, unknown function		None								GO:0005634	nucleus	mRNA binding	GO:0003729			O97306
32	PF3D7_0402000	PF3D7_0402000.1	184	PF3D7_0402000	Plasmodium exported protein (PHISTa), unknown function		None	PF09687	GO:0016021	integral component of membrane					GO:0020036;GO:0044538;GO:0005634;GO:0020005	Maurer's cleft;host cell periphery;nucleus;symbiont-containing vacuole membrane	mRNA binding;protein binding	GO:0003729;GO:0005515			Q8I206
33	PF3D7_0408500	PF3D7_0408500.1	185	PF3D7_0408500	flap endonuclease 1	FEN1	None	PF00752;PF00867	GO:0005739;GO:0005730;GO:0005654	mitochondrion;nucleolus;nucleoplasm	GO:0003677;GO:0003824;GO:0016788;GO:0000287;GO:0004518	GO:0006260;GO:0043137;GO:0006284	DNA binding;catalytic activity;hydrolase activity, acting on ester bonds;magnesium ion binding;nuclease activity	DNA replication;DNA replication, removal of RNA primer;base-excision repair	GO:0005634	nucleus	5'-3' exonuclease activity;5'-flap endonuclease activity;endodeoxyribonuclease activity;flap endonuclease activity	GO:0008409;GO:0017108;GO:0004520;GO:0048256			Q7K734,Q9GZ01
34	PF3D7_0409200	PF3D7_0409200.1	11	PF3D7_0409200	protein SOF1, putative	SOF1	None	PF00400;PF04158			GO:0005515	GO:0016567	protein binding	protein ubiquitination	GO:0080008;GO:0005730;GO:0032040;GO:0005732	Cul4-RING E3 ubiquitin ligase complex;nucleolus;small-subunit processome;sno(s)RNA-containing ribonucleoprotein complex			GO:0000462;GO:0000154	maturation of SSU-rRNA from tricistronic rRNA transcript (SSU-rRNA, 5.8S rRNA, LSU-rRNA);rRNA modification	Q9U0J4
35	PF3D7_0409800	PF3D7_0409800.1	12	PF3D7_0409800	zinc finger protein, putative		None	PF12756							GO:0005634;GO:0030687	nucleus;preribosome, large subunit precursor			GO:0042273	ribosomal large subunit biogenesis	Q9U0I8
36	PF3D7_0411400	PF3D7_0411400.1	13	PF3D7_0411400	DEAD box ATP-dependent RNA helicase, putative		None	PF00270;PF00271			GO:0005524;GO:0003676		ATP binding;nucleic acid binding		GO:0005634	nucleus	RNA helicase activity	GO:0003724	GO:0016070;GO:0006364	RNA metabolic process;rRNA processing	Q9U0H4
37	PF3D7_0414500	PF3D7_0414500.1	14	PF3D7_0414500	male development protein MD5, putative		None	PF00076			GO:0003729;GO:0003676		mRNA binding;nucleic acid binding				nucleic acid binding	GO:0003676	GO:0016070	RNA metabolic process	Q8I1U3
38	PF3D7_0414700	PF3D7_0414700.1	186	PF3D7_0414700	GTP-binding protein, putative		None	PF01926;PF17835			GO:0005525		GTP binding		GO:0020011	apicoplast	GTP binding	GO:0005525			Q8I1U1
39	PF3D7_0415100	PF3D7_0415100.1	187	PF3D7_0415100	25S rRNA (uridine-N(3))-methyltransferase, putative		None	PF10354							GO:0005737	cytoplasm	rRNA (uridine-N3-)-methyltransferase activity	GO:0070042	GO:0070475	rRNA base methylation	Q8I1T7
40	PF3D7_0415500	PF3D7_0415500.1	188	PF3D7_0415500	nuclear cap-binding protein subunit 2, putative	CBP20	None	PF00076	GO:0005846;GO:0005634	nuclear cap binding complex;nucleus	GO:0000339;GO:0003676	GO:0045292	RNA cap binding;nucleic acid binding	mRNA cis splicing, via spliceosome	GO:0005846	nuclear cap binding complex	RNA cap binding	GO:0000339	GO:0006397;GO:0000398	mRNA processing;mRNA splicing, via spliceosome	Q8I1T2
41	PF3D7_0416200	PF3D7_0416200.1	189	PF3D7_0416200	PRKR-interacting protein 1, putative		None	PF06658			GO:0003725		double-stranded RNA binding		GO:0005730	nucleolus	double-stranded RNA binding;protein kinase binding;protein kinase inhibitor activity	GO:0003725;GO:0019901;GO:0004860	GO:0006469	negative regulation of protein kinase activity	Q8I1S5
42	PF3D7_0503800	PF3D7_0503800.1	15	PF3D7_0503800	60S ribosomal protein L31	RPL31	None	PF01198	GO:0005840	ribosome	GO:0003735	GO:0006412	structural constituent of ribosome	translation	GO:0022625;GO:0005634	cytosolic large ribosomal subunit;nucleus	structural constituent of ribosome	GO:0003735	GO:0002181;GO:0006412	cytoplasmic translation;translation	Q8I463
43	PF3D7_0504400	PF3D7_0504400.1	16	PF3D7_0504400	ATP-dependent helicase, putative		None	PF00270;PF00271;PF08152			GO:0005524;GO:0003723;GO:0004386;GO:0003676		ATP binding;RNA binding;helicase activity;nucleic acid binding		GO:0020011;GO:0005730	apicoplast;nucleolus	RNA binding;RNA helicase activity;helicase activity;protein binding	GO:0003723;GO:0003724;GO:0004386;GO:0005515			A7U5W8,Q8I457
44	PF3D7_0507600	PF3D7_0507600.1	17	PF3D7_0507600	protein CAF40, putative	CAF40	None	PF04078	GO:0030014	CCR4-NOT complex		GO:0006402		mRNA catabolic process	GO:0030014;GO:0030015;GO:0000932;GO:0005634	CCR4-NOT complex;CCR4-NOT core complex;P-body;nucleus			GO:0030154;GO:0017148	cell differentiation;negative regulation of translation	Q8I427
45	PF3D7_0508700	PF3D7_0508700.1	190	PF3D7_0508700	pre-mRNA-processing ATP-dependent RNA helicase PRP5, putative	PRP5	None	PF00270;PF00271			GO:0005524;GO:0003676		ATP binding;nucleic acid binding		GO:0005634	nucleus	ATP-dependent activity, acting on RNA;RNA helicase activity	GO:0008186;GO:0003724	GO:0000398	mRNA splicing, via spliceosome	Q8I416
46	PF3D7_0510100	PF3D7_0510100.1	191	PF3D7_0510100	KH domain-containing protein, putative		None		GO:0005634	nucleus	GO:0003723		RNA binding		GO:0005634	nucleus	RNA binding	GO:0003723			Q8I403
47	PF3D7_0512900	PF3D7_0512900.1	192	PF3D7_0512900	AKAP-like protein	AKAL	None	PF10469							GO:0005737;GO:0005829;GO:0005634	cytoplasm;cytosol;nucleus	AMP binding;protein binding;protein kinase A regulatory subunit binding	GO:0016208;GO:0005515;GO:0034237	GO:0010738	regulation of protein kinase A signaling	Q8I3X8
48	PF3D7_0513400	PF3D7_0513400.1	193	PF3D7_0513400	GTP-binding protein YihA1	YihA1	None	PF01926			GO:0005525		GTP binding		GO:0020011;GO:0005739	apicoplast;mitochondrion	GTPase activity;guanyl nucleotide binding;ribosome binding	GO:0003924;GO:0019001;GO:0043022			C0H4D6
49	PF3D7_0514100	PF3D7_0514100.1	194	PF3D7_0514100	ATP-dependent DNA helicase UvrD	UvrD	None	PF00580;PF13361			GO:0005524;GO:0003677;GO:0003678;GO:0016787		ATP binding;DNA binding;DNA helicase activity;hydrolase activity		GO:0005634	nucleus	3'-5' DNA helicase activity;protein binding;single-stranded DNA helicase activity	GO:0043138;GO:0005515;GO:0017116	GO:0006281;GO:0000725	DNA repair;recombinational repair	A0A097PTD0,B8XWZ5,B9VPM5,Q8I3W6
50	PF3D7_0515000	PF3D7_0515000.1	18	PF3D7_0515000	pre-mRNA-splicing factor CWC2, putative	CWC2	None	PF00076;PF16131			GO:0003723;GO:0017070;GO:0046872;GO:0003676;GO:0036002	GO:0045292;GO:0000387	RNA binding;U6 snRNA binding;metal ion binding;nucleic acid binding;pre-mRNA binding	mRNA cis splicing, via spliceosome;spliceosomal snRNP assembly	GO:0000974;GO:0071006;GO:0071007;GO:0005634;GO:0005681	Prp19 complex;U2-type catalytic step 1 spliceosome;U2-type catalytic step 2 spliceosome;nucleus;spliceosomal complex	U6 snRNA binding;mRNA binding;pre-mRNA binding;protein binding	GO:0017070;GO:0003729;GO:0036002;GO:0005515	GO:0000398;GO:0045787;GO:0000387	mRNA splicing, via spliceosome;positive regulation of cell cycle;spliceosomal snRNP assembly	Q8I3V8
51	PF3D7_0516000	PF3D7_0516000.1	19	PF3D7_0516000	RAP protein, putative		None	PF08373													Q8I3U8
52	PF3D7_0517000	PF3D7_0517000.1	195	PF3D7_0517000	60S ribosomal protein L12, putative		None	PF00298;PF03946	GO:0005840	ribosome	GO:0003735	GO:0006412	structural constituent of ribosome	translation	GO:0022625;GO:0015934;GO:0005634;GO:0005840	cytosolic large ribosomal subunit;large ribosomal subunit;nucleus;ribosome	large ribosomal subunit rRNA binding;rRNA binding;structural constituent of ribosome	GO:0070180;GO:0019843;GO:0003735	GO:0000027;GO:0006412	ribosomal large subunit assembly;translation	Q8I3T8
53	PF3D7_0518100	PF3D7_0518100.1	20	PF3D7_0518100	protein AMR2	AMR2	None	PF08373	GO:0016021	integral component of membrane					GO:0020011	apicoplast			GO:0009657	plastid organization	Q8I3S7
54	PF3D7_0518700	PF3D7_0518700.1	21	PF3D7_0518700	mRNA-binding protein PUF1	PUF1	None	PF00806			GO:0003723		RNA binding		GO:0005737	cytoplasm	mRNA binding	GO:0003729	GO:0010608;GO:0043487;GO:0006417	posttranscriptional regulation of gene expression;regulation of RNA stability;regulation of translation	Q8I3S3,Q8ISI8
55	PF3D7_0519500	PF3D7_0519500.1	22	PF3D7_0519500	CCR4 domain-containing protein 1, putative	CCR4-1	None	PF03372							GO:0030014;GO:0005737;GO:0005634	CCR4-NOT complex;cytoplasm;nucleus	3'-5'-exoribonuclease activity;poly(A)-specific ribonuclease activity	GO:0000175;GO:0004535	GO:0000289	nuclear-transcribed mRNA poly(A) tail shortening	Q8I3R5
56	PF3D7_0520300	PF3D7_0520300.1	23	PF3D7_0520300	U6 snRNA-associated Sm-like protein LSm2, putative	LSM2	None	PF01423			GO:0003723	GO:0006397	RNA binding	mRNA processing	GO:1990726;GO:0000932;GO:0046540;GO:0005688;GO:0071013;GO:0005622;GO:0005634;GO:0071011;GO:0005732	Lsm1-7-Pat1 complex;P-body;U4/U6 x U5 tri-snRNP complex;U6 snRNP;catalytic step 2 spliceosome;intracellular;nucleus;precatalytic spliceosome;sno(s)RNA-containing ribonucleoprotein complex			GO:0000398	mRNA splicing, via spliceosome	Q8I3Q7
57	PF3D7_0520700	PF3D7_0520700.1	24	PF3D7_0520700	CDC73 domain-containing protein, putative		None	PF05179	GO:0016593	Cdc73/Paf1 complex		GO:0016570;GO:0006368		Histone modification;transcription elongation from RNA polymerase II promoter	GO:0016593	Cdc73/Paf1 complex	RNA polymerase II complex binding	GO:0000993	GO:0032968;GO:0034402	positive regulation of transcription elongation from RNA polymerase II promoter;recruitment of 3'-end processing factors to RNA polymerase II holoenzyme complex	Q8I3Q4
58	PF3D7_0521700	PF3D7_0521700.1	25	PF3D7_0521700	ATP-dependent RNA helicase DDX1, putative	DDX1	None	PF00270;PF00271;PF00622			GO:0005524;GO:0003724;GO:0004527;GO:0004386;GO:0003676;GO:0005515		ATP binding;RNA helicase activity;exonuclease activity;helicase activity;nucleic acid binding;protein binding		GO:0005634	nucleus			GO:0006364	rRNA processing	A7U5W9,Q8I3P6
59	PF3D7_0522800	PF3D7_0522800.1	26	PF3D7_0522800	pre-mRNA-splicing factor BUD31, putative	BUD31	None	PF01125	GO:0005634	nucleus					GO:0005686;GO:0005634;GO:0005681	U2 snRNP;nucleus;spliceosomal complex			GO:0008380;GO:0000380;GO:0000398	RNA splicing;alternative mRNA splicing, via spliceosome;mRNA splicing, via spliceosome	Q8I3N5
60	PF3D7_0524400	PF3D7_0524400.1	27	PF3D7_0524400	ribosome-interacting GTPase 1, putative	RBG1	None	PF01926;PF02824;PF16897			GO:0005525		GTP binding		GO:0005634	nucleus					A0A0C5D0X8,A0A5K1K870
61	PF3D7_0524600	PF3D7_0524600.1	196	PF3D7_0524600	50S ribosomal protein L12, apicoplast, putative		None	PF00542;PF16320	GO:0005840	ribosome	GO:0003735	GO:0006412	structural constituent of ribosome	translation	GO:0020011;GO:0015934	apicoplast;large ribosomal subunit	structural constituent of ribosome	GO:0003735	GO:0006412	translation	Q8I3L9
62	PF3D7_0525000	PF3D7_0525000.1	28	PF3D7_0525000	zinc finger protein, putative		None				GO:0046872		metal ion binding		GO:0005829;GO:0005634	cytosol;nucleus	nucleic acid binding	GO:0003676			Q8I3L5
63	PF3D7_0525600	PF3D7_0525600.1	29	PF3D7_0525600	RNA methyltransferase, putative		None	PF00588			GO:0003723;GO:0008173;GO:0004482	GO:0006396	RNA binding;RNA methyltransferase activity;mRNA (guanine-N7-)-methyltransferase activity	RNA processing	GO:0005739	mitochondrion					A0A5K1K9E4
64	PF3D7_0528800	PF3D7_0528800.1	30	PF3D7_0528800	nuclear GTP-binding protein, putative		None	PF08701			GO:0005525;GO:0016787		GTP binding;hydrolase activity		GO:0005730	nucleolus	GTPase activity	GO:0003924			Q8I3H9
65	PF3D7_0531400	PF3D7_0531400.1	197	PF3D7_0531400	G-patch domain-containing protein, putative		None	PF01585			GO:0003676		nucleic acid binding		GO:0071008	U2-type post-mRNA release spliceosomal complex			GO:0000390	spliceosomal complex disassembly	Q8I3F4
66	PF3D7_0602000	PF3D7_0602000.1	198	PF3D7_0602000	zinc finger protein, putative		None				GO:0046872		metal ion binding								C6KSM0
67	PF3D7_0602600	PF3D7_0602600.1	199	PF3D7_0602600	SAC3 domain-containing protein, putative		None	PF03399							GO:0005737;GO:0005634;GO:0070390	cytoplasm;nucleus;transcription export complex 2			GO:0006406	mRNA export from nucleus	C6KSM6
68	PF3D7_0603100	PF3D7_0603100.1	31	PF3D7_0603100	RNA-binding protein, putative		None		GO:0005737;GO:0005874	cytoplasm;microtubule	GO:0003723;GO:0003676;GO:0005200		RNA binding;nucleic acid binding;structural constituent of cytoskeleton								C6KSN1
69	PF3D7_0604500	PF3D7_0604500.1	200	PF3D7_0604500	GYF domain-containing protein, putative		None	PF02213			GO:0005515		protein binding		GO:0005634	nucleus	mRNA binding	GO:0003729			C6KSP3,Q25768,Q25772
70	PF3D7_0605100	PF3D7_0605100.1	32	PF3D7_0605100	KH domain-containing protein, putative	KH1	None	PF00013			GO:0003723;GO:0003676		RNA binding;nucleic acid binding		GO:0005737;GO:0005634	cytoplasm;nucleus	N6-methyladenosine-containing RNA binding;RNA binding;mRNA binding	GO:1990247;GO:0003723;GO:0003729	GO:0010468	regulation of gene expression	C6KSP9
71	PF3D7_0606100	PF3D7_0606100.1	201	PF3D7_0606100	RNA-binding protein, putative		None	PF00076	GO:0032021	NELF complex	GO:0003676	GO:0006355	nucleic acid binding	regulation of transcription, DNA-templated	GO:0032021	NELF complex	RNA binding	GO:0003723	GO:0034244	negative regulation of transcription elongation from RNA polymerase II promoter	C6KSQ9
72	PF3D7_0606500	PF3D7_0606500.1	202	PF3D7_0606500	polypyrimidine tract-binding protein, putative	PTB	None	PF00076;PF11835;PF13893			GO:0003676		nucleic acid binding		GO:0005634	nucleus	mRNA binding;poly-pyrimidine tract binding	GO:0003729;GO:0008187	GO:0008380;GO:0043484;GO:0006417	RNA splicing;regulation of RNA splicing;regulation of translation	C6KSR3
73	PF3D7_0606600	PF3D7_0606600.1	203	PF3D7_0606600	WD repeat-containing protein, putative		None				GO:0005515		protein binding		GO:0000932;GO:0005634	P-body;nucleus			GO:0031087	deadenylation-independent decapping of nuclear-transcribed mRNA	C6KSR4
74	PF3D7_0610100	PF3D7_0610100.1	33	PF3D7_0610100	pre-mRNA-splicing factor SLU7, putative	SLU7	None	PF11708			GO:0030628;GO:0000386	GO:0000398	pre-mRNA 3'-splice site binding;second spliceosomal transesterification activity	mRNA splicing, via spliceosome	GO:0005681	spliceosomal complex			GO:0008380;GO:0000375;GO:0000350	RNA splicing;RNA splicing, via transesterification reactions;generation of catalytic spliceosome for second transesterification step	C6KSU8
75	PF3D7_0610200	PF3D7_0610200.1	204	PF3D7_0610200	RNA-binding protein 25, putative	RBM25	None	PF00076;PF01480			GO:0003723;GO:0003676	GO:0006397	RNA binding;nucleic acid binding	mRNA processing	GO:0005634	nucleus					C6KSU9
76	PF3D7_0615400	PF3D7_0615400.1	34	PF3D7_0615400	ribonuclease, putative		None	PF00773;PF17849			GO:0003723;GO:0008859;GO:0004540		RNA binding;exoribonuclease II activity;ribonuclease activity		GO:0000932;GO:0000178;GO:0005634	P-body;exosome (RNase complex);nucleus	3'-5'-exoribonuclease activity;ribonuclease activity	GO:0000175;GO:0004540	GO:0006396;GO:0006402	RNA processing;mRNA catabolic process	C6KSZ5
77	PF3D7_0619200	PF3D7_0619200.1	35	PF3D7_0619200	conserved Plasmodium protein, unknown function		None														C6KT32
78	PF3D7_0619900	PF3D7_0619900.1	205	PF3D7_0619900	splicing factor 3A subunit 2, putative	SF3A2	None	PF12874;PF16835	GO:0005634	nucleus	GO:0003676;GO:0008270		nucleic acid binding;zinc ion binding		GO:0005686;GO:0071004;GO:0071013;GO:0005681	U2 snRNP;U2-type prespliceosome;catalytic step 2 spliceosome;spliceosomal complex			GO:0008380;GO:0000245	RNA splicing;spliceosomal complex assembly	C6KT39
79	PF3D7_0621300	PF3D7_0621300.1	36	PF3D7_0621300	mRNA-binding protein PUF3	PUF3	None				GO:0003723		RNA binding		GO:0005737;GO:0005730	cytoplasm;nucleolus	RNA binding;mRNA binding	GO:0003723;GO:0003729	GO:0006417	regulation of translation	C6KT51
80	PF3D7_0623100	PF3D7_0623100.1	206	PF3D7_0623100	nuclear polyadenylated RNA-binding protein NAB2, putative	NAB2	None	PF14608			GO:0046872;GO:0008143	GO:1900364;GO:0043488	metal ion binding;poly(A) binding	negative regulation of mRNA polyadenylation;regulation of mRNA stability	GO:0005737;GO:0034399;GO:0005634	cytoplasm;nuclear periphery;nucleus	RNA binding;poly(A) binding	GO:0003723;GO:0008143	GO:1900364;GO:0043488	negative regulation of mRNA polyadenylation;regulation of mRNA stability	C6KT67
81	PF3D7_0623600	PF3D7_0623600.1	207	PF3D7_0623600	splicing factor-like protein 1, putative		None	PF00013;PF16275			GO:0003723;GO:0003676;GO:0045131;GO:0008270	GO:0000398	RNA binding;nucleic acid binding;pre-mRNA branch point binding;zinc ion binding	mRNA splicing, via spliceosome	GO:0005634	nucleus	RNA binding;mRNA binding	GO:0003723;GO:0003729	GO:0008380;GO:0000375;GO:0000398;GO:0000381	RNA splicing;RNA splicing, via transesterification reactions;mRNA splicing, via spliceosome;regulation of alternative mRNA splicing, via spliceosome	C6KT72
82	PF3D7_0624600	PF3D7_0624600.1	37	PF3D7_0624600	ISWI chromatin-remodeling complex ATPase	ISWI	None	PF00176;PF00271;PF00628			GO:0005524;GO:0003678;GO:0046872		ATP binding;DNA helicase activity;metal ion binding		GO:0005634	nucleus	ATP-dependent activity, acting on DNA;DNA binding;RNA binding;helicase activity;transcription cis-regulatory region binding	GO:0008094;GO:0003677;GO:0003723;GO:0004386;GO:0000976	GO:0006338;GO:0045893	chromatin remodeling;positive regulation of transcription, DNA-templated	C6KT82
83	PF3D7_0629400	PF3D7_0629400.1	38	PF3D7_0629400	polyadenylate-binding protein 3, putative	PABP3	None	PF00076			GO:0003676		nucleic acid binding		GO:0005829;GO:0005634	cytosol;nucleus	RNA binding;mRNA binding	GO:0003723;GO:0003729			C6KTC9
84	PF3D7_0629600	PF3D7_0629600.1	208	PF3D7_0629600	ribosomal RNA-processing protein 7, putative		None	PF12923			GO:0003676		nucleic acid binding		GO:0032545;GO:0034456	CURI complex;UTP-C complex			GO:0006364;GO:0000028	rRNA processing;ribosomal small subunit assembly	C6KTD1
85	PF3D7_0630900	PF3D7_0630900.1	209	PF3D7_0630900	ATP-dependent RNA helicase HAS1	HAS1	None	PF00270;PF00271;PF13959			GO:0005524;GO:0004386;GO:0003676		ATP binding;helicase activity;nucleic acid binding		GO:0005730	nucleolus	RNA binding;RNA helicase activity	GO:0003723;GO:0003724	GO:0032508;GO:0016070;GO:0010501;GO:0000463	DNA duplex unwinding;RNA metabolic process;RNA secondary structure unwinding;maturation of LSU-rRNA from tricistronic rRNA transcript (SSU-rRNA, 5.8S rRNA, LSU-rRNA)	C0KUE7,C6KTE4
86	PF3D7_0704900	PF3D7_0704900.1	210	PF3D7_0704900	peptide chain release factor 2	RF2	None	PF00472;PF03462	GO:0016021	integral component of membrane	GO:0004045;GO:0003747	GO:0006415	aminoacyl-tRNA hydrolase activity;translation release factor activity	translational termination	GO:0020011	apicoplast	ribosome binding;translation release factor activity	GO:0043022;GO:0003747	GO:0006415	translational termination	Q8IC21
87	PF3D7_0706500	PF3D7_0706500.1	39	PF3D7_0706500	conserved Plasmodium protein, unknown function		None								GO:0005634	nucleus	RNA binding;mRNA binding	GO:0003723;GO:0003729			C0H4L6
88	PF3D7_0710900	PF3D7_0710900.1	40	PF3D7_0710900	50S ribosomal protein L1, mitochondrial, putative	RPL1	None	PF00687							GO:0005762;GO:0005739;GO:0005840	mitochondrial large ribosomal subunit;mitochondrion;ribosome	structural constituent of ribosome	GO:0003735	GO:0006412	translation	Q8IBY1
89	PF3D7_0713600	PF3D7_0713600.1	41	PF3D7_0713600	ribosomal protein S5, mitochondrial, putative		None	PF00333;PF03719	GO:0005840	ribosome	GO:0003723;GO:0003735	GO:0006412	RNA binding;structural constituent of ribosome	translation	GO:0005763;GO:0005739	mitochondrial small ribosomal subunit;mitochondrion	structural constituent of ribosome	GO:0003735	GO:0006412	translation	A0A146M1R1
90	PF3D7_0714500	PF3D7_0714500.1	211	PF3D7_0714500	transcription elongation factor s-II, putative		None	PF01096;PF07500;PF08711	GO:0005634	nucleus	GO:0003676;GO:0003746;GO:0008270	GO:0006351	nucleic acid binding;translation elongation factor activity;zinc ion binding	transcription, DNA-templated	GO:0005634;GO:0008023	nucleus;transcription elongation factor complex			GO:0032784;GO:0006357	regulation of DNA-templated transcription, elongation;regulation of transcription by RNA polymerase II	Q8IBV2
91	PF3D7_0716000	PF3D7_0716000.1	212	PF3D7_0716000	RNA-binding protein, putative		None				GO:0003676		nucleic acid binding		GO:0071004;GO:0089701;GO:0000243;GO:0016607	U2-type prespliceosome;U2AF complex;commitment complex;nuclear speck	poly-pyrimidine tract binding;pre-mRNA 3'-splice site binding	GO:0008187;GO:0030628			Q8IBU0
92	PF3D7_0719700	PF3D7_0719700.1	42	PF3D7_0719700	40S ribosomal protein S10, putative	RPS10	None	PF03501							GO:0022627;GO:0005634	cytosolic small ribosomal subunit;nucleus	RNA binding;structural constituent of ribosome	GO:0003723;GO:0003735	GO:0000028;GO:0006412	ribosomal small subunit assembly;translation	Q8IBQ5
93	PF3D7_0720100	PF3D7_0720100.1	213	PF3D7_0720100	pre-rRNA-processing protein ESF2, putative	ESF2	None				GO:0003676		nucleic acid binding		GO:0005730	nucleolus	RNA binding	GO:0003723	GO:0000480;GO:0000447;GO:0000472;GO:0034462	endonucleolytic cleavage in 5'-ETS of tricistronic rRNA transcript (SSU-rRNA, 5.8S rRNA, LSU-rRNA);endonucleolytic cleavage in ITS1 to separate SSU-rRNA from 5.8S rRNA and LSU-rRNA from tricistronic rRNA transcript (SSU-rRNA, 5.8S rRNA, LSU-rRNA);endonucleolytic cleavage to generate mature 5'-end of	Q8IBQ1
94	PF3D7_0721300	PF3D7_0721300.1	214	PF3D7_0721300	ATP-dependent RNA helicase DDX31	DDX31	None	PF00270;PF00271;PF13959			GO:0005524;GO:0004386;GO:0003676		ATP binding;helicase activity;nucleic acid binding		GO:0005730;GO:0005634	nucleolus;nucleus	ATP binding;ATP-dependent activity, acting on DNA;ATP-dependent activity, acting on RNA;DNA helicase activity;RNA binding;RNA helicase activity	GO:0005524;GO:0008094;GO:0008186;GO:0003678;GO:0003723;GO:0003724	GO:0016070;GO:0042254	RNA metabolic process;ribosome biogenesis	A0A346QRV1,A0A5J6CZ29,A7U5X0,Q8IBN8
95	PF3D7_0722400	PF3D7_0722400.1	43	PF3D7_0722400	Obg-like ATPase 1, putative	OLA1	None	PF01926;PF06071			GO:0005524;GO:0005525;GO:0043023;GO:0043022		ATP binding;GTP binding;ribosomal large subunit binding;ribosome binding		GO:0005737;GO:0005634	cytoplasm;nucleus	ATP hydrolysis activity;GTP binding	GO:0016887;GO:0005525	GO:0007165	signal transduction	Q8IBM9
96	PF3D7_0722600	PF3D7_0722600.1	44	PF3D7_0722600	U3 small nucleolar RNA-associated protein 7, putative	UTP7	None	PF08149			GO:0005515		protein binding		GO:0005730;GO:0030688;GO:0032040	nucleolus;preribosome, small subunit precursor;small-subunit processome			GO:0000462	maturation of SSU-rRNA from tricistronic rRNA transcript (SSU-rRNA, 5.8S rRNA, LSU-rRNA)	Q8IBM7
97	PF3D7_0723400	PF3D7_0723400.1	215	PF3D7_0723400	conserved Plasmodium protein, unknown function		None								GO:0005634	nucleus					Q8IBL9
98	PF3D7_0723900	PF3D7_0723900.1	45	PF3D7_0723900	RNA-binding protein, putative		None	PF00076			GO:0003723;GO:0003676		RNA binding;nucleic acid binding		GO:0005634	nucleus	mRNA binding;nucleic acid binding	GO:0003729;GO:0003676	GO:0000398	mRNA splicing, via spliceosome	Q8IBL4
99	PF3D7_0725200	PF3D7_0725200.1	216	PF3D7_0725200	mago nashi protein homologue, putative		None	PF02792	GO:0035145;GO:0005634	exon-exon junction complex;nucleus		GO:0008380		RNA splicing	GO:0035145	exon-exon junction complex			GO:0008380;GO:0007530	RNA splicing;sex determination	Q8IBJ9
100	PF3D7_0728900	PF3D7_0728900.1	46	PF3D7_0728900	RNA-binding protein, putative		None	PF00076			GO:0003676	GO:0000398	nucleic acid binding	mRNA splicing, via spliceosome	GO:0005686;GO:0005684	U2 snRNP;U2-type spliceosomal complex	RNA binding	GO:0003723			C0H4P9
101	PF3D7_0729000	PF3D7_0729000.1	47	PF3D7_0729000	signal recognition particle subunit SRP9	SRP9	None		GO:0048500	signal recognition particle	GO:0008312	GO:0006614	7S RNA binding	SRP-dependent cotranslational protein targeting to membrane	GO:0005737;GO:0005789;GO:0005634;GO:0005786	cytoplasm;endoplasmic reticulum membrane;nucleus;signal recognition particle, endoplasmic reticulum targeting	protein binding;ribosome binding	GO:0005515;GO:0043022	GO:0006614	SRP-dependent cotranslational protein targeting to membrane	C0H4Q0,F2X1X5
102	PF3D7_0729400	PF3D7_0729400.1	217	PF3D7_0729400	ribosome biogenesis protein BRX1, putative		None	PF04427							GO:0005730;GO:0005634;GO:0030687	nucleolus;nucleus;preribosome, large subunit precursor			GO:0000027	ribosomal large subunit assembly	Q8IBG5
103	PF3D7_0731300	PF3D7_0731300.1	48	PF3D7_0731300	Plasmodium exported protein (PHISTb), unknown function	PfG174	None	PF09687	GO:0016021	integral component of membrane					GO:0020036;GO:0005634	Maurer's cleft;nucleus					Q8IBE9
104	PF3D7_0803000	PF3D7_0803000.1	218	PF3D7_0803000	peptidyl-prolyl cis-trans isomerase	CYP81	None	PF00160;PF08231			GO:0003755	GO:0006397;GO:0000413	peptidyl-prolyl cis-trans isomerase activity	mRNA processing;protein peptidyl-prolyl isomerization	GO:0000974;GO:0071013;GO:0005634;GO:0071014	Prp19 complex;catalytic step 2 spliceosome;nucleus;post-mRNA release spliceosomal complex					Q8IAN0
105	PF3D7_0803100	PF3D7_0803100.1	219	PF3D7_0803100	U3 small nucleolar RNA-associated protein 14, putative	UTP14	None		GO:0032040	small-subunit processome		GO:0006364		rRNA processing	GO:0005730;GO:0032040	nucleolus;small-subunit processome					Q8IAN1
106	PF3D7_0804000	PF3D7_0804000.1	220	PF3D7_0804000	cactin homolog, putative		None	PF09732;PF10312			GO:0005515		protein binding		GO:0005737;GO:0005681	cytoplasm;spliceosomal complex			GO:0045292;GO:0010468	mRNA cis splicing, via spliceosome;regulation of gene expression	Q8IAN8
107	PF3D7_0807100	PF3D7_0807100.1	221	PF3D7_0807100	DNA helicase PSH3	PSH3	None	PF00270;PF00271			GO:0005524;GO:0003678;GO:0004386;GO:0003676		ATP binding;DNA helicase activity;helicase activity;nucleic acid binding		GO:0005737;GO:0005634	cytoplasm;nucleus	3'-5' DNA helicase activity;ATP hydrolysis activity;RNA binding;RNA helicase activity;single-stranded DNA helicase activity	GO:0043138;GO:0016887;GO:0003723;GO:0003724;GO:0017116	GO:0032508	DNA duplex unwinding	A0A2D1GTQ5,A0A2D1GTQ8,Q8IAR1
108	PF3D7_0811300	PF3D7_0811300.1	49	PF3D7_0811300	CCR4-associated factor 1	CAF1	None		GO:0030014	CCR4-NOT complex	GO:0003676;GO:0004535		nucleic acid binding;poly(A)-specific ribonuclease activity		GO:0030014;GO:0030015;GO:0000932;GO:0005829;GO:0005634	CCR4-NOT complex;CCR4-NOT core complex;P-body;cytosol;nucleus	poly(A)-specific ribonuclease activity	GO:0004535	GO:0043928;GO:0017148	exonucleolytic catabolism of deadenylated mRNA;negative regulation of translation	C0H4T9
109	PF3D7_0811900	PF3D7_0811900.1	50	PF3D7_0811900	RNA-binding protein, putative		None	PF00575			GO:0003676		nucleic acid binding		GO:0020011	apicoplast	mRNA binding;structural constituent of ribosome	GO:0003729;GO:0003735	GO:0006412	translation	C0H4U1
110	PF3D7_0813400	PF3D7_0813400.1	222	PF3D7_0813400	conserved protein, unknown function		None								GO:0005634	nucleus	mRNA binding	GO:0003729			C0H4U5
111	PF3D7_0813600	PF3D7_0813600.1	223	PF3D7_0813600	translation initiation factor SUI1, putative		None	PF01253			GO:0003743	GO:0006413	translation initiation factor activity	translational initiation	GO:0005634	nucleus	mRNA binding	GO:0003729	GO:0001731;GO:0002188	formation of translation preinitiation complex;translation reinitiation	Q8IAX2
112	PF3D7_0814300	PF3D7_0814300.1	224	PF3D7_0814300	AAA family ATPase, putative		None	PF00004;PF17862			GO:0005524;GO:0016887		ATP binding;ATP hydrolysis activity		GO:0005634	nucleus	ATP hydrolysis activity;preribosome binding	GO:0016887;GO:1990275	GO:0051973;GO:0042254	positive regulation of telomerase activity;ribosome biogenesis	Q8IAX9
113	PF3D7_0815100	PF3D7_0815100.1	225	PF3D7_0815100	heptatricopeptide repeat and RAP domain-containing protein, putative		None	PF08373													Q8IAY8
114	PF3D7_0818000	PF3D7_0818000.1	226	PF3D7_0818000	U4/U6.U5 small nuclear ribonucleoprotein, putative	SNRNP27	None	PF08648	GO:0005634	nucleus		GO:0008380;GO:0006397		RNA splicing;mRNA processing							C0H4V5
115	PF3D7_0818400	PF3D7_0818400.1	51	PF3D7_0818400	rRNA-processing protein FCF1, putative	FCF1	None	PF04900	GO:0032040	small-subunit processome		GO:0006364		rRNA processing	GO:0005730;GO:0032040	nucleolus;small-subunit processome					C0H4V7
116	PF3D7_0819900	PF3D7_0819900.1	52	PF3D7_0819900	U6 snRNA-associated Sm-like protein LSm3, putative	LSM3	None	PF01423			GO:0003723	GO:0000398;GO:0000956	RNA binding	mRNA splicing, via spliceosome;nuclear-transcribed mRNA catabolic process	GO:1990726;GO:0000932;GO:0046540;GO:0005688;GO:0071013;GO:0005634;GO:0071011;GO:0005732	Lsm1-7-Pat1 complex;P-body;U4/U6 x U5 tri-snRNP complex;U6 snRNP;catalytic step 2 spliceosome;nucleus;precatalytic spliceosome;sno(s)RNA-containing ribonucleoprotein complex	RNA binding	GO:0003723	GO:0033962;GO:0008380;GO:0000375;GO:0000398	P-body assembly;RNA splicing;RNA splicing, via transesterification reactions;mRNA splicing, via spliceosome	C0H4W2
117	PF3D7_0820000	PF3D7_0820000.1	227	PF3D7_0820000	Snf2-related CBP activator, putative	SRCAP	None	PF00176;PF00271;PF07529			GO:0005524;GO:0003677		ATP binding;DNA binding		GO:0000812;GO:0005737;GO:0016020;GO:0005634	Swr1 complex;cytoplasm;membrane;nucleus	ATP binding;ATP hydrolysis activity;helicase activity;histone binding;transcription coactivator activity	GO:0005524;GO:0016887;GO:0004386;GO:0042393;GO:0003713	GO:0043044;GO:0006338;GO:0016458;GO:0043486	ATP-dependent chromatin remodeling;chromatin remodeling;gene silencing;histone exchange	C0H4W3
118	PF3D7_0821300	PF3D7_0821300.1	228	PF3D7_0821300	ATP-dependent RNA helicase DHX36, putative	DHX36	None	PF00270;PF00271;PF04408;PF07717			GO:0005524;GO:0004386;GO:0003676		ATP binding;helicase activity;nucleic acid binding		GO:0005681	spliceosomal complex	RNA binding;RNA helicase activity	GO:0003723;GO:0003724	GO:0000398	mRNA splicing, via spliceosome	Q8IB47
119	PF3D7_0821500	PF3D7_0821500.1	229	PF3D7_0821500	ribosomal RNA small subunit methyltransferase NEP1, putative	NEP1	None	PF03587			GO:0008168		methyltransferase activity		GO:0005730;GO:0032040	nucleolus;small-subunit processome	rRNA (pseudouridine) methyltransferase activity;rRNA binding	GO:0070037;GO:0019843	GO:0070475;GO:0042274;GO:0042254	rRNA base methylation;ribosomal small subunit biogenesis;ribosome biogenesis	Q8IB49
120	PF3D7_0823200	PF3D7_0823200.1	230	PF3D7_0823200	RNA-binding protein		None	PF00076;PF00397			GO:0003676;GO:0005515		nucleic acid binding;protein binding		GO:0005737;GO:0005634;GO:1990904	cytoplasm;nucleus;ribonucleoprotein complex	RNA binding;mRNA binding	GO:0003723;GO:0003729	GO:0006417	regulation of translation	Q8IB66
121	PF3D7_0825500	PF3D7_0825500.1	53	PF3D7_0825500	protein KRI1, putative	KRI1	None	PF12936			GO:0008270		zinc ion binding		GO:0030686;GO:0005730	90S preribosome;nucleolus			GO:0000447	endonucleolytic cleavage in ITS1 to separate SSU-rRNA from 5.8S rRNA and LSU-rRNA from tricistronic rRNA transcript (SSU-rRNA, 5.8S rRNA, LSU-rRNA)	Q8IB88
122	PF3D7_0827000	PF3D7_0827000.1	231	PF3D7_0827000	ATP-dependent RNA helicase DBP10, putative	DBP10	None	PF00270;PF00271			GO:0005524;GO:0003724;GO:0004386;GO:0003676		ATP binding;RNA helicase activity;helicase activity;nucleic acid binding		GO:0005730	nucleolus	ATP binding;RNA binding	GO:0005524;GO:0003723	GO:1902626	assembly of large subunit precursor of preribosome	Q8IBA2
123	PF3D7_0827600	PF3D7_0827600.1	54	PF3D7_0827600	conserved Plasmodium protein, unknown function		None								GO:0020011	apicoplast					Q8IBA8
124	PF3D7_0828200	PF3D7_0828200.1	232	PF3D7_0828200	leucine--tRNA ligase, putative		None	PF00133;PF08264;PF13603	GO:0016021	integral component of membrane	GO:0005524;GO:0002161;GO:0004812;GO:0004823;GO:0000166	GO:0006429;GO:0006418	ATP binding;aminoacyl-tRNA editing activity;aminoacyl-tRNA ligase activity;leucine-tRNA ligase activity;nucleotide binding	leucyl-tRNA aminoacylation;tRNA aminoacylation for protein translation	GO:0020011;GO:0005739	apicoplast;mitochondrion	leucine-tRNA ligase activity	GO:0004823	GO:0006429;GO:0032543;GO:0006412	leucyl-tRNA aminoacylation;mitochondrial translation;translation	Q8IBB3
125	PF3D7_0829300	PF3D7_0829300.1	55	PF3D7_0829300	U6 snRNA-associated Sm-like protein LSm8, putative	LSM8	None	PF01423	GO:0046540;GO:0005688	U4/U6 x U5 tri-snRNP complex;U6 snRNP		GO:0000398		mRNA splicing, via spliceosome	GO:0046540;GO:0005688;GO:0071011;GO:0005732	U4/U6 x U5 tri-snRNP complex;U6 snRNP;precatalytic spliceosome;sno(s)RNA-containing ribonucleoprotein complex	RNA binding;U6 snRNA binding	GO:0003723;GO:0017070	GO:0016070;GO:0000398	RNA metabolic process;mRNA splicing, via spliceosome	C0H4Y9
126	PF3D7_0904700	PF3D7_0904700.1	56	PF3D7_0904700	bacterial histone-like protein	HU	None	PF00216			GO:0003677		DNA binding		GO:0020011;GO:0005634	apicoplast;nucleus	DNA binding	GO:0003677	GO:0051262	protein tetramerization	C1KUR4,Q8I3A2
127	PF3D7_0904800	PF3D7_0904800.1	57	PF3D7_0904800	replication protein A1, small fragment	RPA1	None	PF08646;PF16900							GO:0005662;GO:0005634	DNA replication factor A complex;nucleus	RNA binding;damaged DNA binding;sequence-specific DNA binding;single-stranded DNA binding;single-stranded telomeric DNA binding	GO:0003723;GO:0003684;GO:0043565;GO:0003697;GO:0043047	GO:0006281;GO:0006268;GO:0006261;GO:0000724;GO:0051321;GO:0006289;GO:0000723;GO:0007004	DNA repair;DNA unwinding involved in DNA replication;DNA-dependent DNA replication;double-strand break repair via homologous recombination;meiotic cell cycle;nucleotide-excision repair;telomere maintenance;telomere maintenance via telomerase	Q8I3A1
128	PF3D7_0905800	PF3D7_0905800.1	58	PF3D7_0905800	TFIIS domain-containing protein		None	PF08711	GO:0005634	nucleus					GO:0005634	nucleus					Q8I391
129	PF3D7_0906000	PF3D7_0906000.1	233	PF3D7_0906000	exoribonuclease II	RNaseII	None	PF00773;PF17849			GO:0003723;GO:0004540		RNA binding;ribonuclease activity		GO:0000932;GO:0000178;GO:0034399;GO:0005634	P-body;exosome (RNase complex);nuclear periphery;nucleus	3'-5'-exoribonuclease activity	GO:0000175	GO:0006402;GO:0016441	mRNA catabolic process;posttranscriptional gene silencing	C0H520
130	PF3D7_0906600	PF3D7_0906600.1	59	PF3D7_0906600	zinc finger protein, putative		None				GO:0046872		metal ion binding		GO:0005634	nucleus	mRNA binding	GO:0003729			Q8I383
131	PF3D7_0907600	PF3D7_0907600.1	60	PF3D7_0907600	translation initiation factor SUI1, putative		None	PF01253;PF17832			GO:0003723;GO:0003743	GO:0001731;GO:0006413	RNA binding;translation initiation factor activity	formation of translation preinitiation complex;translational initiation	GO:0005634	nucleus	translation initiation factor activity	GO:0003743	GO:0001731	formation of translation preinitiation complex	Q8I375
132	PF3D7_0909400	PF3D7_0909400.1	61	PF3D7_0909400	exoribonuclease, putative		None	PF03159;PF17846	GO:0005634	nucleus	GO:0004534;GO:0004527;GO:0008859;GO:0003676	GO:0006397;GO:0006139	5'-3' exoribonuclease activity;exonuclease activity;exoribonuclease II activity;nucleic acid binding	mRNA processing;nucleobase-containing compound metabolic process	GO:0005634	nucleus	5'-3' exoribonuclease activity;RNA binding	GO:0004534;GO:0003723	GO:0000956	nuclear-transcribed mRNA catabolic process	Q8I358
133	PF3D7_0914000	PF3D7_0914000.1	234	PF3D7_0914000	pseudouridylate synthase, putative		None	PF00849			GO:0003723;GO:0009982;GO:0004730	GO:0009451;GO:0001522	RNA binding;pseudouridine synthase activity;pseudouridylate synthase activity	RNA modification;pseudouridine synthesis	GO:0020036;GO:0020011	Maurer's cleft;apicoplast	pseudouridine synthase activity	GO:0009982	GO:0000455	enzyme-directed rRNA pseudouridine synthesis	Q8I312
134	PF3D7_0916200	PF3D7_0916200.1	235	PF3D7_0916200	mitochondrial ribonuclease P catalytic subunit, putative		None		GO:0016021;GO:0005739	integral component of membrane;mitochondrion		GO:0008033		tRNA processing	GO:0020011	apicoplast	ribonuclease P activity	GO:0004526	GO:0001682	tRNA 5'-leader removal	Q8I2Z0
135	PF3D7_0916700	PF3D7_0916700.1	236	PF3D7_0916700	RNA-binding protein musashi, putative	HoMu	None	PF00076			GO:0003723;GO:0003676		RNA binding;nucleic acid binding		GO:0005654;GO:0005634	nucleoplasm;nucleus	RNA binding;mRNA binding	GO:0003723;GO:0003729			Q8I2Y5
136	PF3D7_0917600	PF3D7_0917600.1	237	PF3D7_0917600	pre-mRNA-splicing factor ATP-dependent RNA helicase PRP43, putative	PRP43	None	PF00270;PF00271;PF04408;PF07717			GO:0005524;GO:0003724;GO:0004386;GO:0003676		ATP binding;RNA helicase activity;helicase activity;nucleic acid binding		GO:0005634	nucleus	RNA binding	GO:0003723			Q8I2X7
137	PF3D7_0920900	PF3D7_0920900.1	62	PF3D7_0920900	U4/U6 snRNA-associated-splicing factor, putative	PRP24	None	PF00076			GO:0003676		nucleic acid binding		GO:1990904	ribonucleoprotein complex	RNA binding	GO:0003723			Q8I2U4
138	PF3D7_0923900	PF3D7_0923900.1	63	PF3D7_0923900	polyadenylate-binding protein 2, putative	PABP2	None	PF00076			GO:0003723;GO:0003676		RNA binding;nucleic acid binding		GO:0005829;GO:0005634	cytosol;nucleus	RNA binding;poly(A) binding	GO:0003723;GO:0008143			Q8I2R8
139	PF3D7_0924700	PF3D7_0924700.1	238	PF3D7_0924700	splicing factor 3A subunit 3, putative	SF3A3	None	PF11931;PF12108;PF16837	GO:0005634;GO:0005681	nucleus;spliceosomal complex	GO:0003723;GO:0003676;GO:0008270	GO:0000398	RNA binding;nucleic acid binding;zinc ion binding	mRNA splicing, via spliceosome	GO:0005681	spliceosomal complex	RNA binding	GO:0003723	GO:0000398	mRNA splicing, via spliceosome	Q8I2R0
140	PF3D7_0925200	PF3D7_0925200.1	239	PF3D7_0925200	ribosomal RNA-processing protein 8, putative	RRP8	None	PF05148			GO:0008168	GO:0032259;GO:0006364	methyltransferase activity	methylation;rRNA processing	GO:0005730;GO:0005634	nucleolus;nucleus					Q8I2Q6
141	PF3D7_0925300	PF3D7_0925300.1	64	PF3D7_0925300	proline--tRNA ligase, putative	aPRS	None	PF00587			GO:0005524;GO:0004812;GO:0000166	GO:0006418	ATP binding;aminoacyl-tRNA ligase activity;nucleotide binding	tRNA aminoacylation for protein translation	GO:0020011;GO:0005739	apicoplast;mitochondrion	proline-tRNA ligase activity	GO:0004827	GO:0006433	prolyl-tRNA aminoacylation	Q8I2Q5
142	PF3D7_0927200	PF3D7_0927200.1	65	PF3D7_0927200	gametocyte development protein GD1, putative		None	PF00642			GO:0046872		metal ion binding		GO:0005829	cytosol					C0H566
143	PF3D7_0927600	PF3D7_0927600.1	66	PF3D7_0927600	RNA-binding protein, putative		None	PF15247			GO:0003723;GO:0003729		RNA binding;mRNA binding		GO:0005737;GO:0071204;GO:0005634	cytoplasm;histone pre-mRNA 3'end processing complex;nucleus	histone pre-mRNA stem-loop binding;mRNA binding	GO:0071207;GO:0003729	GO:0006398;GO:0051028	mRNA 3'-end processing by stem-loop binding and cleavage;mRNA transport	Q8I2N3
144	PF3D7_0929200	PF3D7_0929200.1	240	PF3D7_0929200	RNA-binding protein, putative		None	PF00076			GO:0003676		nucleic acid binding		GO:0005737;GO:0005634	cytoplasm;nucleus	mRNA binding	GO:0003729			C0H570
145	PF3D7_0931100	PF3D7_0931100.1	241	PF3D7_0931100	nucleolar protein Nop52, putative		None	PF05997	GO:0030688	preribosome, small subunit precursor		GO:0006364		rRNA processing	GO:0005634;GO:0030687	nucleus;preribosome, large subunit precursor			GO:0006364	rRNA processing	Q8I2K4
146	PF3D7_0932200	PF3D7_0932200.1	242	PF3D7_0932200	profilin	PFN	None	PF00235			GO:0003779	GO:0030036	actin binding	actin cytoskeleton organization	GO:0015629;GO:0005938;GO:0005737;GO:0005829;GO:0005634	actin cytoskeleton;cell cortex;cytoplasm;cytosol;nucleus	actin binding;actin monomer binding;phospholipid binding;proline-rich region binding;protein binding	GO:0003779;GO:0003785;GO:0005543;GO:0070064;GO:0005515	GO:0030036;GO:0048870;GO:0060327;GO:0044409;GO:0042989	actin cytoskeleton organization;cell motility;cytoplasmic actin-based contraction involved in cell motility;entry into host;sequestering of actin monomers	Q8I2J4
147	PF3D7_0933000	PF3D7_0933000.1	243	PF3D7_0933000	CSTF domain-containing protein, putative		None	PF00076;PF14327;PF15861			GO:0003676		nucleic acid binding		GO:0005847;GO:0005634	mRNA cleavage and polyadenylation specificity factor complex;nucleus	mRNA binding	GO:0003729	GO:0098789	pre-mRNA cleavage required for polyadenylation	Q8I0W1
148	PF3D7_0933900	PF3D7_0933900.1	244	PF3D7_0933900	Fip1 domain-containing protein, putative		None	PF05182	GO:0005634	nucleus					GO:0005634	nucleus					Q8I2H9
149	PF3D7_0934100	PF3D7_0934100.1	67	PF3D7_0934100	TFIIH basal transcription factor complex helicase XPD subunit	XPD	None	PF04851;PF06733;PF06777;PF13307	GO:0005634	nucleus	GO:0005524;GO:0003677;GO:0003678;GO:0004386;GO:0016787;GO:0016818;GO:0003676	GO:0006139;GO:0006289	ATP binding;DNA binding;DNA helicase activity;helicase activity;hydrolase activity;hydrolase activity, acting on acid anhydrides, in phosphorus-containing anhydrides;nucleic acid binding	nucleobase-containing compound metabolic process;nucleotide-excision repair	GO:0005737;GO:0005634	cytoplasm;nucleus	5'-3' DNA helicase activity;DNA helicase activity;damaged DNA binding;protein binding;single-stranded DNA helicase activity	GO:0043139;GO:0003678;GO:0003684;GO:0005515;GO:0017116	GO:0000717;GO:0033683;GO:0045951;GO:0000019;GO:0009411;GO:0006979;GO:0006366	nucleotide-excision repair, DNA duplex unwinding;nucleotide-excision repair, DNA incision;positive regulation of mitotic recombination;regulation of mitotic recombination;response to UV;response to oxidative stress;transcription by RNA polymerase II	I6XGB8,I6XPP1,Q8I2H7,Q8WSK4,R4S3T7
150	PF3D7_0935000	PF3D7_0935000.1	245	PF3D7_0935000	U2 small nuclear ribonucleoprotein B'', putative	SNRPB2	None	PF00076			GO:0003676		nucleic acid binding		GO:0005685;GO:0005634	U1 snRNP;nucleus	U1 snRNA binding;mRNA binding	GO:0030619;GO:0003729	GO:0000398	mRNA splicing, via spliceosome	Q8I2G9
151	PF3D7_1005100	PF3D7_1005100.1	246	PF3D7_1005100	U3 small nucleolar RNA-associated protein 25, putative	UTP25	None	PF06862	GO:0005634	nucleus					GO:0005730;GO:0032040	nucleolus;small-subunit processome	U3 snoRNA binding;rRNA binding	GO:0034511;GO:0019843	GO:0000462;GO:0042274	maturation of SSU-rRNA from tricistronic rRNA transcript (SSU-rRNA, 5.8S rRNA, LSU-rRNA);ribosomal small subunit biogenesis	Q8IJY7
152	PF3D7_1006400	PF3D7_1006400.1	68	PF3D7_1006400	heptatricopeptide repeat-containing protein, putative		None	PF08373													Q8IJX7
153	PF3D7_1009400	PF3D7_1009400.1	247	PF3D7_1009400	zinc finger protein, putative	ZNF2	None								GO:0005634	nucleus					Q8IJV1
154	PF3D7_1009900	PF3D7_1009900.1	69	PF3D7_1009900	heptatricopeptide repeat-containing protein, putative		None	PF03064	GO:0005854	nascent polypeptide-associated complex					GO:0005737	cytoplasm	unfolded protein binding	GO:0051082	GO:0006612	protein targeting to membrane	Q8IJU6
155	PF3D7_1011100	PF3D7_1011100.1	70	PF3D7_1011100	conserved Plasmodium protein, unknown function		None														Q8IJT4
156	PF3D7_1011800	PF3D7_1011800.1	248	PF3D7_1011800	PRE-binding protein	PREBP	None	PF00013			GO:0003723;GO:0003676		RNA binding;nucleic acid binding		GO:0005737;GO:0005634	cytoplasm;nucleus	DNA-binding transcription factor activity;RNA binding;double-stranded DNA binding;mRNA binding;sequence-specific DNA binding	GO:0003700;GO:0003723;GO:0003690;GO:0003729;GO:0043565	GO:0010468;GO:0006355	regulation of gene expression;regulation of transcription, DNA-templated	Q25784,Q8IJS7
157	PF3D7_1019000	PF3D7_1019000.1	249	PF3D7_1019000	eukaryotic translation initiation factor subunit eIF2A, putative		None	PF02213;PF08662			GO:0005515;GO:0003743	GO:0006413	protein binding;translation initiation factor activity	translational initiation	GO:0022627;GO:0005634	cytosolic small ribosomal subunit;nucleus	mRNA binding;ribosome binding;tRNA binding;translation initiation factor activity	GO:0003729;GO:0043022;GO:0000049;GO:0003743			Q8IJL2
158	PF3D7_1020000	PF3D7_1020000.1	71	PF3D7_1020000	RNA-binding protein 34, putative	RBM34	None	PF00076			GO:0003723;GO:0003676		RNA binding;nucleic acid binding								Q8IJK1
159	PF3D7_1020400	PF3D7_1020400.1	250	PF3D7_1020400	rRNA (cytosine-C(5))-methyltransferase, putative	RCM1	None	PF01189			GO:0003723;GO:0008168		RNA binding;methyltransferase activity		GO:0005730	nucleolus	rRNA (cytosine-C5-)-methyltransferase activity	GO:0009383	GO:0001510;GO:0070475	RNA methylation;rRNA base methylation	Q8IJJ8
160	PF3D7_1020700	PF3D7_1020700.1	251	PF3D7_1020700	N-acetyltransferase, GNAT family, putative		None	PF05127;PF08351;PF13718;PF13725			GO:0005524;GO:0008080	GO:0034470;GO:0016072;GO:0051391	ATP binding;N-acetyltransferase activity	ncRNA processing;rRNA metabolic process;tRNA acetylation	GO:0005730;GO:0005634	nucleolus;nucleus	rRNA cytidine N-acetyltransferase activity;tRNA binding	GO:1990883;GO:0000049	GO:1904812	rRNA acetylation involved in maturation of SSU-rRNA	Q8IJJ5
161	PF3D7_1021500	PF3D7_1021500.1	72	PF3D7_1021500	ATP-dependent RNA helicase ROK1, putative	ROK1	None	PF00270;PF00271			GO:0005524;GO:0003676		ATP binding;nucleic acid binding		GO:0020011	apicoplast	RNA helicase activity	GO:0003724	GO:0030490	maturation of SSU-rRNA	Q8IJI8
162	PF3D7_1021900	PF3D7_1021900.1	252	PF3D7_1021900	PHAX domain-containing protein, putative		None	PF10258;PF12796			GO:0005515		protein binding		GO:0005634	nucleus	mRNA binding	GO:0003729			Q25709,Q8IJI4
163	PF3D7_1022000	PF3D7_1022000.1	73	PF3D7_1022000	RNA-binding protein UIS12, putative		None	PF00076			GO:0003676		nucleic acid binding		GO:0005737;GO:0005634;GO:1990904	cytoplasm;nucleus;ribonucleoprotein complex	RNA binding;mRNA binding	GO:0003723;GO:0003729			Q8IJI3
164	PF3D7_1025300	PF3D7_1025300.1	253	PF3D7_1025300	conserved protein, unknown function		None								GO:0020011	apicoplast					Q8IJF2
165	PF3D7_1026200	PF3D7_1026200.1	254	PF3D7_1026200	conserved protein, unknown function		None								GO:0005739	mitochondrion					Q8IJD9
166	PF3D7_1027100	PF3D7_1027100.1	74	PF3D7_1027100	U3 small nucleolar ribonucleoprotein protein MPP10, putative	MPP10	None	PF04006	GO:0034457;GO:0005634;GO:0005732	Mpp10 complex;nucleus;sno(s)RNA-containing ribonucleoprotein complex		GO:0006364		rRNA processing	GO:0034457;GO:0032040	Mpp10 complex;small-subunit processome					Q8IJD2
167	PF3D7_1028400	PF3D7_1028400.1	255	PF3D7_1028400	ribosome biogenesis protein RPF2, putative		None	PF04427			GO:0019843	GO:0000470;GO:0000027	rRNA binding	maturation of LSU-rRNA;ribosomal large subunit assembly	GO:0005730;GO:0005634	nucleolus;nucleus	rRNA binding	GO:0019843	GO:0000463;GO:0000027	maturation of LSU-rRNA from tricistronic rRNA transcript (SSU-rRNA, 5.8S rRNA, LSU-rRNA);ribosomal large subunit assembly	Q8IJC0
168	PF3D7_1028500	PF3D7_1028500.1	256	PF3D7_1028500	partial CSTF domain-containing protein, putative		None	PF15861			GO:0003676		nucleic acid binding		GO:0005634	nucleus					Q8IJB9
169	PF3D7_1030100	PF3D7_1030100.1	257	PF3D7_1030100	pre-mRNA-splicing factor ATP-dependent RNA helicase PRP22, putative	PRP22	None	PF00270;PF00271;PF00575;PF04408;PF07717			GO:0005524;GO:0004386;GO:0003676		ATP binding;helicase activity;nucleic acid binding		GO:0071013	catalytic step 2 spliceosome	RNA binding;RNA helicase activity	GO:0003723;GO:0003724	GO:0008380;GO:0000390	RNA splicing;spliceosomal complex disassembly	Q8IJA4
170	PF3D7_1031500	PF3D7_1031500.1	75	PF3D7_1031500	ATP-dependent DNA helicase DDX3X	DDX3X	None	PF00270;PF00271			GO:0005524;GO:0004386;GO:0003676		ATP binding;helicase activity;nucleic acid binding		GO:0005737;GO:0005634	cytoplasm;nucleus	ATP hydrolysis activity;DNA helicase activity	GO:0016887;GO:0003678	GO:0000398	mRNA splicing, via spliceosome	Q8IJ90
171	PF3D7_1032000	PF3D7_1032000.1	258	PF3D7_1032000	ribosome maturation factor RimM, putative	RimM	None	PF01782	GO:0016021	integral component of membrane		GO:0006364		rRNA processing	GO:0020011	apicoplast					Q8IJ86
172	PF3D7_1032100	PF3D7_1032100.1	259	PF3D7_1032100	mRNA-decapping enzyme subunit 1, putative	DCP1	None	PF06058			GO:0008047	GO:0000290;GO:0043085	enzyme activator activity	deadenylation-dependent decapping of nuclear-transcribed mRNA;positive regulation of catalytic activity	GO:0000932;GO:0005634	P-body;nucleus	enzyme regulator activity;mRNA binding	GO:0030234;GO:0003729	GO:0000290;GO:0031087	deadenylation-dependent decapping of nuclear-transcribed mRNA;deadenylation-independent decapping of nuclear-transcribed mRNA	Q03633,Q8IJ85
173	PF3D7_1036900	PF3D7_1036900.1	76	PF3D7_1036900	conserved Plasmodium protein, unknown function		None								GO:0036396;GO:0005634	RNA N6-methyladenosine methyltransferase complex;nucleus	mRNA binding	GO:0003729			A0A143ZYL5
174	PF3D7_1037700	PF3D7_1037700.1	77	PF3D7_1037700	enhancer of rudimentary homolog, putative	ERH	None	PF01133				GO:0007049		cell cycle	GO:0005634	nucleus	mRNA binding	GO:0003729			Q8IJ30
175	PF3D7_1103100	PF3D7_1103100.1	260	PF3D7_1103100	60S acidic ribosomal protein P1, putative	RPP1	None	PF00428	GO:0005840	ribosome	GO:0003735	GO:0006414	structural constituent of ribosome	translational elongation	GO:0022625;GO:0015934;GO:0005634	cytosolic large ribosomal subunit;large ribosomal subunit;nucleus	protein kinase activator activity;ribonucleoprotein complex binding;structural constituent of ribosome	GO:0030295;GO:0043021;GO:0003735	GO:0002181;GO:0006412	cytoplasmic translation;translation	Q8IIX0
176	PF3D7_1103800	PF3D7_1103800.1	78	PF3D7_1103800	CCR4-NOT transcription complex subunit NOT1-G, putative	NOT1-G	None	PF04054;PF12842;PF16417	GO:0030015;GO:0016021	CCR4-NOT core complex;integral component of membrane		GO:0006417		regulation of translation	GO:0030014;GO:0030015;GO:0000932;GO:0005829;GO:0005634	CCR4-NOT complex;CCR4-NOT core complex;P-body;cytosol;nucleus	mRNA binding;molecular adaptor activity	GO:0003729;GO:0060090	GO:0017148;GO:0000288	negative regulation of translation;nuclear-transcribed mRNA catabolic process, deadenylation-dependent decay	Q8IIW4
177	PF3D7_1104200	PF3D7_1104200.1	79	PF3D7_1104200	chromatin remodeling protein	SNF2L	None	PF00176;PF00271			GO:0005524		ATP binding		GO:0005634	nucleus	ATP binding;ATP-dependent activity, acting on DNA;DNA binding;helicase activity	GO:0005524;GO:0008094;GO:0003677;GO:0004386	GO:0006338;GO:0016584;GO:0006355	chromatin remodeling;nucleosome positioning;regulation of transcription, DNA-templated	O00914,Q8IIW0
178	PF3D7_1104700	PF3D7_1104700.1	261	PF3D7_1104700	DNA-directed RNA polymerase III subunit RPC8, putative	RPC25	None	PF03876;PF08292			GO:0003899	GO:0006351	DNA-directed 5'-3' RNA polymerase activity	transcription, DNA-templated	GO:0005666	RNA polymerase III complex			GO:0006384	transcription initiation from RNA polymerase III promoter	Q8IIV5
180	PF3D7_1105700	PF3D7_1105700.1	80	PF3D7_1105700	tRNA-splicing ligase RtcB, putative	RTCB	None	PF01139	GO:0072669	tRNA-splicing ligase complex	GO:0005525;GO:0003972;GO:0008452;GO:0046872	GO:0006396;GO:0006388	GTP binding;RNA ligase (ATP) activity;RNA ligase activity;metal ion binding	RNA processing;tRNA splicing, via endonucleolytic cleavage and ligation	GO:0005634;GO:0072669	nucleus;tRNA-splicing ligase complex	RNA ligase (ATP) activity	GO:0003972	GO:0000971;GO:0006388	tRNA exon ligation utilizing 2',3' cyclic phosphate of 5'-exon as source of linkage phosphate;tRNA splicing, via endonucleolytic cleavage and ligation	A0A143ZZZ9,Q8IIU6
181	PF3D7_1106300	PF3D7_1106300.1	81	PF3D7_1106300	5'-3' exoribonuclease 1, putative	XRN1	None	PF03159;PF17846			GO:0008409;GO:0004527;GO:0003676;GO:0004528	GO:0016539;GO:0000956	5'-3' exonuclease activity;exonuclease activity;nucleic acid binding;phosphodiesterase I activity	intein-mediated protein splicing;nuclear-transcribed mRNA catabolic process	GO:0020011;GO:0005634	apicoplast;nucleus	5'-3' exoribonuclease activity;RNA binding	GO:0004534;GO:0003723	GO:0000956	nuclear-transcribed mRNA catabolic process	A0A143ZZN7
182	PF3D7_1106600	PF3D7_1106600.1	262	PF3D7_1106600	DEAD/DEAH box helicase, putative		None	PF00270;PF00271			GO:0005524;GO:0003724;GO:0003676		ATP binding;RNA helicase activity;nucleic acid binding		GO:0005730	nucleolus					Q8IIT7
183	PF3D7_1107000	PF3D7_1107000.1	263	PF3D7_1107000	U6 snRNA-associated Sm-like protein LSm4, putative	LSM4	None	PF01423	GO:0005681	spliceosomal complex		GO:0006396;GO:0000398;GO:0000956		RNA processing;mRNA splicing, via spliceosome;nuclear-transcribed mRNA catabolic process	GO:0000932;GO:0046540;GO:0005688;GO:0005634;GO:0005732;GO:0097526	P-body;U4/U6 x U5 tri-snRNP complex;U6 snRNP;nucleus;sno(s)RNA-containing ribonucleoprotein complex;spliceosomal tri-snRNP complex	RNA binding;U6 snRNA binding	GO:0003723;GO:0017070	GO:0033962;GO:0000398;GO:0000387	P-body assembly;mRNA splicing, via spliceosome;spliceosomal snRNP assembly	Q8IIT3
184	PF3D7_1107200	PF3D7_1107200.1	82	PF3D7_1107200	vacuolar fusion protein CCZ1, putative		None	PF19031	GO:0035658	Mon1-Ccz1 complex		GO:0016192		vesicle-mediated transport	GO:0043231	intracellular membrane-bounded organelle			GO:0016192	vesicle-mediated transport	Q8IIT1
185	PF3D7_1107300	PF3D7_1107300.1	83	PF3D7_1107300	polyadenylate-binding protein-interacting protein 1, putative	PAIP1	None				GO:0003723;GO:0005515		RNA binding;protein binding		GO:0016281;GO:0005634	eukaryotic translation initiation factor 4F complex;nucleus	mRNA binding;mRNA cap binding;translation initiation factor activity	GO:0003729;GO:0098808;GO:0003743			Q8IIS9
186	PF3D7_1107700	PF3D7_1107700.1	264	PF3D7_1107700	pescadillo homolog	PES	None	PF06732;PF16589	GO:0005730;GO:0005654;GO:0030687	nucleolus;nucleoplasm;preribosome, large subunit precursor	GO:0043021	GO:0000466;GO:0042254	ribonucleoprotein complex binding	maturation of 5.8S rRNA from tricistronic rRNA transcript (SSU-rRNA, 5.8S rRNA, LSU-rRNA);ribosome biogenesis	GO:0070545;GO:0005654;GO:0005634	PeBoW complex;nucleoplasm;nucleus	RNA binding;protein binding	GO:0003723;GO:0005515	GO:0000463;GO:0051726	maturation of LSU-rRNA from tricistronic rRNA transcript (SSU-rRNA, 5.8S rRNA, LSU-rRNA);regulation of cell cycle	A0A144A022,Q8IIS5
187	PF3D7_1109400	PF3D7_1109400.1	265	PF3D7_1109400	essential nuclear protein 1, putative	ENP1	None	PF05291							GO:0005737;GO:0005730;GO:0005634;GO:0030688	cytoplasm;nucleolus;nucleus;preribosome, small subunit precursor	snoRNA binding	GO:0030515	GO:0006364	rRNA processing	Q8IIR2
188	PF3D7_1110200	PF3D7_1110200.1	266	PF3D7_1110200	pre-mRNA-processing factor 6, putative	PRPF6	None	PF06424			GO:0005515	GO:0006396;GO:0000398	protein binding	RNA processing;mRNA splicing, via spliceosome	GO:0046540;GO:0071013	U4/U6 x U5 tri-snRNP complex;catalytic step 2 spliceosome			GO:0000398;GO:0000244	mRNA splicing, via spliceosome;spliceosomal tri-snRNP complex assembly	Q8IIR0
189	PF3D7_1110300	PF3D7_1110300.1	84	PF3D7_1110300	G-patch domain-containing protein, putative		None	PF01585			GO:0003676		nucleic acid binding								Q8IIQ9
190	PF3D7_1110600	PF3D7_1110600.1	267	PF3D7_1110600	ribosomal protein L11, mitochondrial, putative		None	PF00298;PF03946	GO:0005840	ribosome	GO:0003735	GO:0006412	structural constituent of ribosome	translation	GO:0015934;GO:0005762;GO:0005739;GO:0000315;GO:0005840	large ribosomal subunit;mitochondrial large ribosomal subunit;mitochondrion;organellar large ribosomal subunit;ribosome	large ribosomal subunit rRNA binding;rRNA binding;structural constituent of ribosome	GO:0070180;GO:0019843;GO:0003735	GO:0000027;GO:0006412	ribosomal large subunit assembly;translation	Q8IIQ5
191	PF3D7_1110900	PF3D7_1110900.1	268	PF3D7_1110900	ES2 protein, putative		None	PF09751							GO:0071013	catalytic step 2 spliceosome					Q8IIQ3
192	PF3D7_1113500	PF3D7_1113500.1	269	PF3D7_1113500	GTP-binding protein, putative		None	PF01926;PF13167			GO:0005525;GO:0046872		GTP binding;metal ion binding		GO:0005737;GO:0005739	cytoplasm;mitochondrion	ribosome binding	GO:0043022			Q8IIM7
193	PF3D7_1118600	PF3D7_1118600.1	85	PF3D7_1118600	histone acetyltransferase MYST	MYST	None	PF01853;PF11717;PF17772	GO:0035267	NuA4 histone acetyltransferase complex	GO:0004402	GO:0016573;GO:0006355	histone acetyltransferase activity	histone acetylation;regulation of transcription, DNA-templated	GO:0005737;GO:0044538;GO:0005634;GO:0020003	cytoplasm;host cell periphery;nucleus;symbiont-containing vacuole	histone acetyltransferase activity;histone binding;protein binding;transcription coregulator activity	GO:0004402;GO:0042393;GO:0005515;GO:0003712	GO:0043983;GO:0043984;GO:0043981;GO:0043982;GO:0045892;GO:0045944;GO:0009410	histone H4-K12 acetylation;histone H4-K16 acetylation;histone H4-K5 acetylation;histone H4-K8 acetylation;negative regulation of transcription, DNA-templated;positive regulation of transcription by RNA polymerase II;response to xenobiotic stimulus	Q8III2
194	PF3D7_1120000	PF3D7_1120000.1	86	PF3D7_1120000	conserved protein, unknown function		None								GO:0005737;GO:0016020;GO:0005634	cytoplasm;membrane;nucleus	mRNA binding	GO:0003729			A0A143ZYR6,Q8IIG7
195	PF3D7_1123600	PF3D7_1123600.1	270	PF3D7_1123600	RAP protein, putative		None	PF08373													Q8IIC7
196	PF3D7_1123900	PF3D7_1123900.1	87	PF3D7_1123900	13 kDa ribonucleoprotein-associated protein, putative	SNU13	None	PF01248	GO:0005730	nucleolus	GO:0003723		RNA binding		GO:0046540;GO:0031428;GO:0005730;GO:0005634;GO:0071011;GO:0032040	U4/U6 x U5 tri-snRNP complex;box C/D RNP complex;nucleolus;nucleus;precatalytic spliceosome;small-subunit processome	RNA binding;U3 snoRNA binding;U4 snRNA binding	GO:0003723;GO:0034511;GO:0030621	GO:0000398;GO:0000470;GO:0030490	mRNA splicing, via spliceosome;maturation of LSU-rRNA;maturation of SSU-rRNA	Q8IIC4
197	PF3D7_1124400	PF3D7_1124400.1	88	PF3D7_1124400	U6 snRNA-associated Sm-like protein LSm1, putative	LSM1	None	PF01423				GO:0006397;GO:0000956		mRNA processing;nuclear-transcribed mRNA catabolic process	GO:1990726;GO:0000932;GO:0005845	Lsm1-7-Pat1 complex;P-body;mRNA cap binding complex	RNA binding;RNA cap binding	GO:0003723;GO:0000339	GO:0016070;GO:0008380;GO:0000290;GO:0006397	RNA metabolic process;RNA splicing;deadenylation-dependent decapping of nuclear-transcribed mRNA;mRNA processing	Q8IIB9
198	PF3D7_1124800	PF3D7_1124800.1	271	PF3D7_1124800	ribosome biogenesis regulatory protein, putative	RRS1	None	PF04939	GO:0005634	nucleus		GO:0042254		ribosome biogenesis	GO:0005730;GO:0030687	nucleolus;preribosome, large subunit precursor			GO:0000447;GO:0042273;GO:0000055	endonucleolytic cleavage in ITS1 to separate SSU-rRNA from 5.8S rRNA and LSU-rRNA from tricistronic rRNA transcript (SSU-rRNA, 5.8S rRNA, LSU-rRNA);ribosomal large subunit biogenesis;ribosomal large subunit export from nucleus	Q8IIB5
199	PF3D7_1125300	PF3D7_1125300.1	89	PF3D7_1125300	DNA-directed RNA polymerase	mtRNAP	None	PF00940;PF14700			GO:0003677;GO:0003899	GO:0006351	DNA binding;DNA-directed 5'-3' RNA polymerase activity	transcription, DNA-templated	GO:0034245;GO:0005739	mitochondrial DNA-directed RNA polymerase complex;mitochondrion	DNA binding;DNA-directed 5'-3' RNA polymerase activity;protein binding	GO:0003677;GO:0003899;GO:0005515	GO:0006390;GO:0006351	mitochondrial transcription;transcription, DNA-templated	Q8IIB0,Q9GZ07
200	PF3D7_1126800	PF3D7_1126800.1	90	PF3D7_1126800	alternative splicing factor SR-MG, putative	SR-MG	None	PF00076			GO:0003676		nucleic acid binding		GO:0005737;GO:0016607;GO:0005634	cytoplasm;nuclear speck;nucleus	RNA binding	GO:0003723	GO:0045292;GO:0000381	mRNA cis splicing, via spliceosome;regulation of alternative mRNA splicing, via spliceosome	Q8II95
201	PF3D7_1128000	PF3D7_1128000.1	91	PF3D7_1128000	conserved Plasmodium protein, unknown function		None								GO:0005634	nucleus					Q8II83
203	PF3D7_1128600	PF3D7_1128600.1	92	PF3D7_1128600	CCR4-NOT transcription complex subunit 2, putative	NOT2	None	PF04153	GO:0030015	CCR4-NOT core complex		GO:0006355		regulation of transcription, DNA-templated	GO:0030014;GO:0030015;GO:0000932	CCR4-NOT complex;CCR4-NOT core complex;P-body	poly(A)-specific ribonuclease activity	GO:0004535	GO:0017148;GO:0000289	negative regulation of translation;nuclear-transcribed mRNA poly(A) tail shortening	Q8II77
204	PF3D7_1129400	PF3D7_1129400.1	272	PF3D7_1129400	RNA cytosine C(5)-methyltransferase, putative	NSUN3	None	PF01189			GO:0003723;GO:0008757;GO:0008168	GO:0001510;GO:0006396	RNA binding;S-adenosylmethionine-dependent methyltransferase activity;methyltransferase activity	RNA methylation;RNA processing	GO:0005730;GO:0005634	nucleolus;nucleus	rRNA (cytosine-C5-)-methyltransferase activity	GO:0009383	GO:0001510;GO:0000470;GO:0070475	RNA methylation;maturation of LSU-rRNA;rRNA base methylation	Q8II69
205	PF3D7_1130200	PF3D7_1130200.1	273	PF3D7_1130200	60S ribosomal protein P0	PfP0	None	PF00428;PF00466;PF17777				GO:0042254		ribosome biogenesis	GO:0022625;GO:1903561;GO:0005622;GO:0005634	cytosolic large ribosomal subunit;extracellular vesicle;intracellular;nucleus	RNA binding;large ribosomal subunit rRNA binding;structural constituent of ribosome	GO:0003723;GO:0070180;GO:0003735	GO:0002181;GO:0000027;GO:0006412	cytoplasmic translation;ribosomal large subunit assembly;translation	Q07477,Q703U6,Q705J5,Q8II61
206	PF3D7_1133100	PF3D7_1133100.1	93	PF3D7_1133100	conserved Plasmodium protein, unknown function		None														Q8II33
207	PF3D7_1134600	PF3D7_1134600.1	94	PF3D7_1134600	CCCH-type zinc finger protein ZNF4	ZNF4	None	PF00642			GO:0046872		metal ion binding		GO:0005737	cytoplasm			GO:0051701	biological process involved in interaction with host	Q8II18
208	PF3D7_1134800	PF3D7_1134800.1	95	PF3D7_1134800	coatomer subunit delta		None		GO:0030126;GO:0000139	COPI vesicle coat;Golgi membrane		GO:0015031;GO:0006890		protein transport;retrograde vesicle-mediated transport, Golgi to endoplasmic reticulum	GO:0030126;GO:0030137;GO:0005737;GO:0005829	COPI vesicle coat;COPI-coated vesicle;cytoplasm;cytosol			GO:0051645;GO:0006888;GO:0006890	Golgi localization;endoplasmic reticulum to Golgi vesicle-mediated transport;retrograde vesicle-mediated transport, Golgi to endoplasmic reticulum	Q8II16,Q8MV47
209	PF3D7_1136300	PF3D7_1136300.1	96	PF3D7_1136300	tudor staphylococcal nuclease	TSN	None	PF00565;PF00567							GO:0005737;GO:0005634	cytoplasm;nucleus	RNA binding;calcium ion binding;nuclease activity;protein binding	GO:0003723;GO:0005509;GO:0004518;GO:0005515	GO:0006401	RNA catabolic process	Q8II01
210	PF3D7_1136600	PF3D7_1136600.1	97	PF3D7_1136600	modulator of ring stage translation MRST	MRST	None												GO:0009410;GO:0042254	response to xenobiotic stimulus;ribosome biogenesis	Q8IHZ8
211	PF3D7_1137100	PF3D7_1137100.1	98	PF3D7_1137100	ribosomal protein S9, mitochondrial, putative		None	PF00380	GO:0005840	ribosome	GO:0003735	GO:0006412	structural constituent of ribosome	translation	GO:0005763;GO:0015935	mitochondrial small ribosomal subunit;small ribosomal subunit	RNA binding;structural constituent of ribosome	GO:0003723;GO:0003735	GO:0006412	translation	Q8IHZ4
212	PF3D7_1139100	PF3D7_1139100.1	99	PF3D7_1139100	RNA-binding protein, putative		None	PF00076			GO:0003723;GO:0003676		RNA binding;nucleic acid binding		GO:0005689;GO:0005730;GO:0005681	U12-type spliceosomal complex;nucleolus;spliceosomal complex			GO:0048026	positive regulation of mRNA splicing, via spliceosome	Q8IHX4
213	PF3D7_1143300	PF3D7_1143300.1	274	PF3D7_1143300	DNA-directed RNA polymerases I and III subunit RPAC1, putative	RPC40	None	PF01000;PF01193			GO:0003899;GO:0046983	GO:0006360;GO:0006383;GO:0006351	DNA-directed 5'-3' RNA polymerase activity;protein dimerization activity	transcription by RNA polymerase I;transcription by RNA polymerase III;transcription, DNA-templated	GO:0005736;GO:0005666	RNA polymerase I complex;RNA polymerase III complex			GO:0042797;GO:0006360	tRNA transcription by RNA polymerase III;transcription by RNA polymerase I	Q8IHT3
214	PF3D7_1143400	PF3D7_1143400.1	275	PF3D7_1143400	translation initiation factor eIF-1A, putative		None	PF01176			GO:0003723;GO:0003743	GO:0006413	RNA binding;translation initiation factor activity	translational initiation	GO:0016282	eukaryotic 43S preinitiation complex	translation initiation factor activity	GO:0003743	GO:0006413	translational initiation	Q8IHT2
215	PF3D7_1146000	PF3D7_1146000.1	100	PF3D7_1146000	ribosome assembly protein 4, putative	RSA4	None	PF00400;PF08154			GO:0005515		protein binding		GO:0005730;GO:0005634	nucleolus;nucleus			GO:0000027	ribosomal large subunit assembly	Q8IHQ8
216	PF3D7_1202000	PF3D7_1202000.1	101	PF3D7_1202000	ATP-dependent DNA/RNA helicase PSH2	PSH2	None	PF00270;PF00271			GO:0005524;GO:0003678;GO:0003724;GO:0003676		ATP binding;DNA helicase activity;RNA helicase activity;nucleic acid binding		GO:0005737;GO:0005634	cytoplasm;nucleus	3'-5' DNA helicase activity;5'-3' DNA helicase activity;ATP binding;ATP-dependent activity, acting on DNA;ATP-dependent activity, acting on RNA;RNA helicase activity	GO:0043138;GO:0043139;GO:0005524;GO:0008094;GO:0008186;GO:0003724	GO:0032508;GO:0006364	DNA duplex unwinding;rRNA processing	A0A144A0Z6,A0A386KSN1
217	PF3D7_1202600	PF3D7_1202600.1	102	PF3D7_1202600	nuclear export mediator factor NEMF, putative	NEMF	None	PF05670;PF05833;PF11923							GO:1990112;GO:0005634	RQC complex;nucleus	ribosomal large subunit binding;tRNA binding	GO:0043023;GO:0000049	GO:0051168;GO:0072344;GO:1990116	nuclear export;rescue of stalled ribosome;ribosome-associated ubiquitin-dependent protein catabolic process	A0A144A0J9
218	PF3D7_1203200	PF3D7_1203200.1	103	PF3D7_1203200	signal recognition particle subunit SRP14	SRP14	None	PF02290	GO:0048500;GO:0005786	signal recognition particle;signal recognition particle, endoplasmic reticulum targeting	GO:0008312;GO:0030942	GO:0006614	7S RNA binding;endoplasmic reticulum signal peptide binding	SRP-dependent cotranslational protein targeting to membrane	GO:0005737;GO:0005789;GO:0005634;GO:0005786	cytoplasm;endoplasmic reticulum membrane;nucleus;signal recognition particle, endoplasmic reticulum targeting	protein binding	GO:0005515	GO:0045047	protein targeting to ER	F2X1X6,Q8I613
219	PF3D7_1204300	PF3D7_1204300.1	276	PF3D7_1204300	eukaryotic translation initiation factor 5A	EIF5A	None	PF01287			GO:0003723;GO:0043022;GO:0003746	GO:0045901;GO:0045905	RNA binding;ribosome binding;translation elongation factor activity	positive regulation of translational elongation;positive regulation of translational termination	GO:0020036;GO:0005634	Maurer's cleft;nucleus	RNA binding;translation elongation factor activity;translation initiation factor activity	GO:0003723;GO:0003746;GO:0003743	GO:0045901;GO:0006413	positive regulation of translational elongation;translational initiation	Q8I603,Q8MX76
220	PF3D7_1206600	PF3D7_1206600.1	277	PF3D7_1206600	DNA-directed RNA polymerase III subunit RPC2, putative	RPC2	None	PF00562;PF04560;PF04561;PF04563;PF04565;PF04566;PF04567	GO:0020011	apicoplast	GO:0003677;GO:0003899;GO:0046872;GO:0032549	GO:0006351	DNA binding;DNA-directed 5'-3' RNA polymerase activity;metal ion binding;ribonucleoside binding	transcription, DNA-templated	GO:0005666	RNA polymerase III complex	DNA-directed 5'-3' RNA polymerase activity	GO:0003899	GO:0006383	transcription by RNA polymerase III	Q8I5X9
221	PF3D7_1207100	PF3D7_1207100.1	278	PF3D7_1207100	pre-rRNA-processing protein ESF1, putative		None	PF08159	GO:0005730;GO:0005634	nucleolus;nucleus		GO:0006364		rRNA processing			RNA binding	GO:0003723	GO:0006364	rRNA processing	Q86BT8,Q8I5X4
222	PF3D7_1209200	PF3D7_1209200.1	279	PF3D7_1209200	U6 snRNA-associated Sm-like protein LSm7, putative	LSM7	None	PF01423			GO:0003723	GO:0000398;GO:0000956	RNA binding	mRNA splicing, via spliceosome;nuclear-transcribed mRNA catabolic process	GO:1990726;GO:0005689;GO:0071004;GO:0005688;GO:0071013;GO:0005634;GO:1990904;GO:0005732;GO:0005681;GO:0097526	Lsm1-7-Pat1 complex;U12-type spliceosomal complex;U2-type prespliceosome;U6 snRNP;catalytic step 2 spliceosome;nucleus;ribonucleoprotein complex;sno(s)RNA-containing ribonucleoprotein complex;spliceosomal complex;spliceosomal tri-snRNP complex			GO:0000375;GO:0000398	RNA splicing, via transesterification reactions;mRNA splicing, via spliceosome	Q8I5V6
223	PF3D7_1212200	PF3D7_1212200.1	104	PF3D7_1212200	conserved protein, unknown function		None														Q8I5T0
224	PF3D7_1216000	PF3D7_1216000.1	280	PF3D7_1216000	serine--tRNA ligase, putative		None	PF00587			GO:0005524;GO:0004812;GO:0000166;GO:0004828	GO:0097056;GO:0006434;GO:0006418	ATP binding;aminoacyl-tRNA ligase activity;nucleotide binding;serine-tRNA ligase activity	selenocysteinyl-tRNA(Sec) biosynthetic process;seryl-tRNA aminoacylation;tRNA aminoacylation for protein translation	GO:0020011;GO:0005829;GO:0016020;GO:0005739	apicoplast;cytosol;membrane;mitochondrion	serine-tRNA ligase activity	GO:0004828	GO:0006434	seryl-tRNA aminoacylation	A0A143ZZQ0,A0A5J6C745,A0A5J6C7C8,A0A5J6C7K3,A0A5J6C856,A0A5J6C8P1,A0A5J6C8Q4,A0A5J6C949,A0A5J6C9Z3,Q8I5P7
225	PF3D7_1217200	PF3D7_1217200.1	105	PF3D7_1217200	multiple RNA-binding domain-containing protein 1, putative	MRD1	None	PF00076			GO:0003676		nucleic acid binding		GO:0030686;GO:0016607;GO:0005634	90S preribosome;nuclear speck;nucleus	RNA binding	GO:0003723	GO:0045292;GO:0000381;GO:0034462	mRNA cis splicing, via spliceosome;regulation of alternative mRNA splicing, via spliceosome;small-subunit processome assembly	A0A144A1F1
226	PF3D7_1217300	PF3D7_1217300.1	281	PF3D7_1217300	GTP-binding protein EngA	EngA	None	PF01926;PF14714	GO:0016021	integral component of membrane	GO:0005525	GO:0042254	GTP binding	ribosome biogenesis	GO:0020036;GO:0020011;GO:0005739	Maurer's cleft;apicoplast;mitochondrion	GTP binding;GTPase activity;ribosome binding	GO:0005525;GO:0003924;GO:0043022			A0A144A297
227	PF3D7_1221700	PF3D7_1221700.1	106	PF3D7_1221700	FbpA domain protein, putative		None	PF05670							GO:1990112;GO:0020011	RQC complex;apicoplast	ribosomal large subunit binding;tRNA binding	GO:0043023;GO:0000049	GO:0072344;GO:1990116	rescue of stalled ribosome;ribosome-associated ubiquitin-dependent protein catabolic process	Q8I5J6
228	PF3D7_1222000	PF3D7_1222000.1	282	PF3D7_1222000	tRNA-splicing ligase RtcB, putative		None	PF01139			GO:0005525;GO:0008452	GO:0006396;GO:0008033	GTP binding;RNA ligase activity	RNA processing;tRNA processing			DNA ligase activity;RNA ligase activity;manganese ion binding	GO:0003909;GO:0008452;GO:0030145	GO:0006281;GO:0042245	DNA repair;RNA repair	Q8I5J3
229	PF3D7_1224300	PF3D7_1224300.1	107	PF3D7_1224300	polyadenylate-binding protein 1, putative	PABP1	None	PF00076;PF00658			GO:0003723;GO:0003676		RNA binding;nucleic acid binding		GO:0043186;GO:0009986;GO:0005737;GO:0005829;GO:0034399;GO:0005634;GO:1990904	P granule;cell surface;cytoplasm;cytosol;nuclear periphery;nucleus;ribonucleoprotein complex	RNA binding;mRNA 3'-UTR binding;mRNA binding;poly(A) binding;poly(U) RNA binding	GO:0003723;GO:0003730;GO:0003729;GO:0008143;GO:0008266	GO:0006396	RNA processing	A1EAA0,Q8I5H4
230	PF3D7_1224900	PF3D7_1224900.1	283	PF3D7_1224900	splicing factor 3B subunit 6, putative	SF3B6	None	PF00076			GO:0003723;GO:0003676		RNA binding;nucleic acid binding		GO:0005689;GO:0005686;GO:0005684;GO:0071013;GO:0071011	U12-type spliceosomal complex;U2 snRNP;U2-type spliceosomal complex;catalytic step 2 spliceosome;precatalytic spliceosome			GO:0000398	mRNA splicing, via spliceosome	Q8I5G8
231	PF3D7_1225300	PF3D7_1225300.1	284	PF3D7_1225300	rRNA-processing protein FCF1, putative		None	PF04900	GO:0032040	small-subunit processome					GO:0005730;GO:0032040	nucleolus;small-subunit processome	small ribosomal subunit rRNA binding	GO:0070181			Q8I5G4
232	PF3D7_1225400	PF3D7_1225400.1	108	PF3D7_1225400	rRNA-processing protein, putative		None	PF08524							GO:0020036	Maurer's cleft					Q8I5G3
233	PF3D7_1225500	PF3D7_1225500.1	109	PF3D7_1225500	small subunit rRNA processing factor, putative		None	PF03587			GO:0008168		methyltransferase activity		GO:0005730;GO:0032040	nucleolus;small-subunit processome	rRNA (pseudouridine) methyltransferase activity;rRNA binding	GO:0070037;GO:0019843	GO:0070475	rRNA base methylation	Q8I5G2
234	PF3D7_1226000	PF3D7_1226000.1	110	PF3D7_1226000	conserved protein, unknown function		None														Q8I5F7
235	PF3D7_1226500	PF3D7_1226500.1	111	PF3D7_1226500	heptatricopeptide repeat and RAP domain-containing protein, putative		None	PF08373													Q8I5F2
236	PF3D7_1228500	PF3D7_1228500.1	285	PF3D7_1228500	RNA pseudouridylate synthase, putative		None	PF01479			GO:0003723;GO:0009982;GO:0106029	GO:0009451;GO:0001522	RNA binding;pseudouridine synthase activity;tRNA pseudouridine synthase activity	RNA modification;pseudouridine synthesis							Q8I5D3
237	PF3D7_1231500	PF3D7_1231500.1	286	PF3D7_1231500	mitosis protein dim1, putative		None	PF02966	GO:0046540	U4/U6 x U5 tri-snRNP complex	GO:0052909	GO:0000398	18S rRNA (adenine(1779)-N(6)/adenine(1780)-N(6))-dimethyltransferase activity	mRNA splicing, via spliceosome	GO:0046540;GO:0005682;GO:0005681	U4/U6 x U5 tri-snRNP complex;U5 snRNP;spliceosomal complex			GO:0000375;GO:0000245	RNA splicing, via transesterification reactions;spliceosomal complex assembly	Q8I5A5
238	PF3D7_1232400	PF3D7_1232400.1	287	PF3D7_1232400	CWC16 domain-containing protein, putative		None	PF04502							GO:0005684;GO:0071014	U2-type spliceosomal complex;post-mRNA release spliceosomal complex			GO:0008380	RNA splicing	Q8I598
239	PF3D7_1232900	PF3D7_1232900.1	112	PF3D7_1232900	nucleotidyltransferase, putative		None	PF19088							GO:0005737;GO:0005634	cytoplasm;nucleus	nucleotidyltransferase activity	GO:0016779	GO:0006397	mRNA processing	A0A144A2R0
240	PF3D7_1233300	PF3D7_1233300.1	288	PF3D7_1233300	pentatricopeptide repeat domain-containing protein 2, putative	PPR2	None	PF13041			GO:0005515		protein binding		GO:0005737;GO:0005739	cytoplasm;mitochondrion					A0A144A108,Q8I589
241	PF3D7_1235300	PF3D7_1235300.1	289	PF3D7_1235300	CCR4-NOT transcription complex subunit 4, putative	NOT4	None	PF14570	GO:0030014	CCR4-NOT complex	GO:0003723;GO:0003676;GO:0004842		RNA binding;nucleic acid binding;ubiquitin-protein transferase activity		GO:0030014;GO:0005634	CCR4-NOT complex;nucleus	mRNA binding;ubiquitin-protein transferase activity	GO:0003729;GO:0004842	GO:0016567	protein ubiquitination	Q8I569
242	PF3D7_1235400	PF3D7_1235400.1	113	PF3D7_1235400	tetQ family GTPase, putative		None	PF00009;PF00679;PF14492			GO:0005525;GO:0003924		GTP binding;GTPase activity		GO:0005739	mitochondrion	GTPase activity	GO:0003924	GO:0032543;GO:0032790;GO:0006414	mitochondrial translation;ribosome disassembly;translational elongation	C5J098,C5J0A4,C5J0A9,C5J0B0,C5J0C6,C5J0D2,C5J0D3,C5J0E5,C5J0F3,C5J0F5,Q8I568
243	PF3D7_1235500	PF3D7_1235500.1	290	PF3D7_1235500	N6-adenosine-methyltransferase, putative	MT-A70.2	None	PF05063			GO:0016422;GO:0008168;GO:0003676	GO:0032259	mRNA (2'-O-methyladenosine-N6-)-methyltransferase activity;methyltransferase activity;nucleic acid binding	methylation	GO:0036396;GO:0005634	RNA N6-methyladenosine methyltransferase complex;nucleus	mRNA binding;protein binding	GO:0003729;GO:0005515	GO:0080009	mRNA methylation	Q8I567
244	PF3D7_1236100	PF3D7_1236100.1	291	PF3D7_1236100	clustered-asparagine-rich protein	CARP	None	PF00076;PF00397			GO:0003676;GO:0005515		nucleic acid binding;protein binding		GO:0005737;GO:0005634;GO:1990904	cytoplasm;nucleus;ribonucleoprotein complex	RNA binding;mRNA binding	GO:0003723;GO:0003729			P13824,Q8I562
245	PF3D7_1241300	PF3D7_1241300.1	292	PF3D7_1241300	ribosome-binding factor A, putative		None	PF02033				GO:0006364		rRNA processing							Q8I516
246	PF3D7_1241400	PF3D7_1241400.1	114	PF3D7_1241400	female development protein FD1, putative		None				GO:0003723;GO:0003676		RNA binding;nucleic acid binding								Q8I515
247	PF3D7_1241800	PF3D7_1241800.1	293	PF3D7_1241800	ATP-dependent RNA helicase DBP9, putative	DBP9	None	PF00270;PF00271			GO:0005524;GO:0004386;GO:0003676		ATP binding;helicase activity;nucleic acid binding		GO:0043186;GO:0005634	P granule;nucleus	RNA binding;RNA helicase activity	GO:0003723;GO:0003724	GO:0016070	RNA metabolic process	Q8I511
248	PF3D7_1243600	PF3D7_1243600.1	115	PF3D7_1243600	translation initiation factor SUI1, putative		None	PF01253			GO:0003743	GO:0006413	translation initiation factor activity	translational initiation	GO:0005634	nucleus	RNA binding;translation initiation factor activity	GO:0003723;GO:0003743	GO:0006413	translational initiation	Q8I4Z4
249	PF3D7_1244000	PF3D7_1244000.1	116	PF3D7_1244000	glucose inhibited division protein a homologue, putative		None	PF01134;PF13932			GO:0050660	GO:0008033	flavin adenine dinucleotide binding	tRNA processing	GO:0020011;GO:0005739	apicoplast;mitochondrion	flavin adenine dinucleotide binding	GO:0050660	GO:0070899;GO:0030488;GO:0002098	mitochondrial tRNA wobble uridine modification;tRNA methylation;tRNA wobble uridine modification	Q8I4Z0
250	PF3D7_1244400	PF3D7_1244400.1	294	PF3D7_1244400	RNA-binding protein, putative		None				GO:0003676		nucleic acid binding		GO:0020011;GO:1990904	apicoplast;ribonucleoprotein complex					Q8I4Y7
251	PF3D7_1246500	PF3D7_1246500.1	117	PF3D7_1246500	methyltransferase, putative		None	PF02475;PF17785			GO:0003723;GO:0008168;GO:0102522	GO:0032259	RNA binding;methyltransferase activity;tRNA 4-demethylwyosine alpha-amino-alpha-carboxypropyltransferase activity	methylation	GO:0005739	mitochondrion					Q8I4W7
252	PF3D7_1246600	PF3D7_1246600.1	118	PF3D7_1246600	pre-mRNA-splicing factor CWC26, putative	BUD13	None	PF09736							GO:0070274;GO:0005684;GO:0005634	RES complex;U2-type spliceosomal complex;nucleus			GO:0000398	mRNA splicing, via spliceosome	Q8I4W6
253	PF3D7_1249800	PF3D7_1249800.1	295	PF3D7_1249800	THO complex subunit 2, putative	THO2	None	PF11262	GO:0000347;GO:0016021	THO complex;integral component of membrane		GO:0006406;GO:0006397		mRNA export from nucleus;mRNA processing	GO:0000445;GO:0005634	THO complex part of transcription export complex;nucleus	mRNA binding	GO:0003729	GO:0006406	mRNA export from nucleus	Q8I4T6
254	PF3D7_1250000	PF3D7_1250000.1	296	PF3D7_1250000	rRNA-processing protein FCF2, putative	FCF2	None	PF08698							GO:0005634	nucleus					Q8I4T4
255	PF3D7_1306900	PF3D7_1306900.1	297	PF3D7_1306900	U1 small nuclear ribonucleoprotein A, putative	SNRPA	None	PF00076			GO:0003676		nucleic acid binding		GO:0005685;GO:0005634;GO:0005681	U1 snRNP;nucleus;spliceosomal complex	U1 snRNA binding	GO:0030619	GO:0000398	mRNA splicing, via spliceosome	C0H5A4
256	PF3D7_1307300	PF3D7_1307300.1	119	PF3D7_1307300	ATP-dependent RNA helicase DBP6, putative	DBP6	None	PF00270;PF00271			GO:0005524;GO:0003676		ATP binding;nucleic acid binding		GO:0005739;GO:0030687	mitochondrion;preribosome, large subunit precursor	RNA helicase activity	GO:0003724			A5A159,Q8IEP2
257	PF3D7_1307600	PF3D7_1307600.1	120	PF3D7_1307600	DNA-directed RNA polymerase subunit alpha, putative	rpoA	None	PF01000			GO:0003899;GO:0046983	GO:0006351	DNA-directed 5'-3' RNA polymerase activity;protein dimerization activity	transcription, DNA-templated	GO:0020011;GO:0005737	apicoplast;cytoplasm	DNA-directed 5'-3' RNA polymerase activity	GO:0003899			Q8IEN9
258	PF3D7_1307800	PF3D7_1307800.1	121	PF3D7_1307800	centrosomal protein CEP170, putative	CEP170	None	PF00498			GO:0005515		protein binding		GO:0005634	nucleus	mRNA binding	GO:0003729			Q8IEN7
259	PF3D7_1308300	PF3D7_1308300.1	122	PF3D7_1308300	40S ribosomal protein S27	RPS27	None	PF01667	GO:0005840	ribosome	GO:0003735	GO:0006412	structural constituent of ribosome	translation	GO:0022627;GO:0005634	cytosolic small ribosomal subunit;nucleus	RNA binding;structural constituent of ribosome	GO:0003723;GO:0003735	GO:0000028;GO:0006412	ribosomal small subunit assembly;translation	Q8IEN2
260	PF3D7_1309300	PF3D7_1309300.1	298	PF3D7_1309300	U4/U6 small nuclear ribonucleoprotein PRP3, putative	PRPF3	None	PF06544;PF08572	GO:0046540	U4/U6 x U5 tri-snRNP complex		GO:0000398		mRNA splicing, via spliceosome	GO:0046540	U4/U6 x U5 tri-snRNP complex			GO:0000398	mRNA splicing, via spliceosome	Q8IEM1
261	PF3D7_1312400	PF3D7_1312400.1	123	PF3D7_1312400	translation initiation factor IF-2, putative	IF2a	None	PF00009;PF11987			GO:0005525;GO:0003924		GTP binding;GTPase activity		GO:0005739	mitochondrion	GTP binding;GTPase activity;translation initiation factor activity	GO:0005525;GO:0003924;GO:0003743	GO:0006413	translational initiation	Q8IEJ7
262	PF3D7_1312900	PF3D7_1312900.1	299	PF3D7_1312900	eukaryotic translation initation factor 4 gamma	EIF4G	None				GO:0003723;GO:0005515		RNA binding;protein binding		GO:0005634	nucleus	protein binding	GO:0005515			A2ICF4,A2ICF5,A3FJ63,C0H5B1,P04931
263	PF3D7_1313400	PF3D7_1313400.1	124	PF3D7_1313400	DEAD box helicase, putative		None	PF00270;PF00271	GO:0016021	integral component of membrane	GO:0005524;GO:0003676		ATP binding;nucleic acid binding		GO:0020011;GO:0010494;GO:0005634	apicoplast;cytoplasmic stress granule;nucleus	RNA binding;RNA helicase activity;helicase activity	GO:0003723;GO:0003724;GO:0004386	GO:0016973	poly(A)+ mRNA export from nucleus	Q8IEH9
264	PF3D7_1314000	PF3D7_1314000.1	300	PF3D7_1314000	conserved protein, unknown function		None		GO:0016021	integral component of membrane					GO:0005739	mitochondrion					Q8IEH4
265	PF3D7_1315400	PF3D7_1315400.1	125	PF3D7_1315400	zinc finger (CCCH type) protein, putative		None				GO:0046872;GO:0005515		metal ion binding;protein binding		GO:0005634	nucleus	RNA binding;mRNA binding	GO:0003723;GO:0003729			A0A5K1K8E3
266	PF3D7_1315700	PF3D7_1315700.1	126	PF3D7_1315700	tRNA (adenine(58)-N(1))-methyltransferase catalytic subunit TRM61, putative	GCD14	None	PF08704	GO:0031515	tRNA (m1A) methyltransferase complex	GO:0016429	GO:0030488	tRNA (adenine-N1-)-methyltransferase activity	tRNA methylation	GO:0005634;GO:0031515	nucleus;tRNA (m1A) methyltransferase complex			GO:0030488	tRNA methylation	Q8IEF7
267	PF3D7_1316500	PF3D7_1316500.1	301	PF3D7_1316500	pre-mRNA-processing factor 40, putative	PRP40	None	PF00397;PF01846			GO:0005515	GO:0045292	protein binding	mRNA cis splicing, via spliceosome							A0A5K1K8A8
268	PF3D7_1317400	PF3D7_1317400.1	302	PF3D7_1317400	zinc finger protein, putative		None				GO:0046872		metal ion binding		GO:0034399;GO:0005634	nuclear periphery;nucleus					A0A5K1K928
269	PF3D7_1319300	PF3D7_1319300.1	127	PF3D7_1319300	tRNA (guanine(26)-N(2))-dimethyltransferase, putative	TRM1	None	PF02005			GO:0003723;GO:0004809;GO:0000049	GO:0008033	RNA binding;tRNA (guanine-N2-)-methyltransferase activity;tRNA binding	tRNA processing	GO:0005634	nucleus	tRNA (guanine-N2-)-methyltransferase activity	GO:0004809	GO:0002940;GO:0030488;GO:0006400	tRNA N2-guanine methylation;tRNA methylation;tRNA modification	Q8IEC3
270	PF3D7_1320800	PF3D7_1320800.1	128	PF3D7_1320800	dihydrolipoyllysine-residue succinyltransferase component of 2-oxoglutarate dehydrogenase complex		None	PF00198;PF00364	GO:0045252	oxoglutarate dehydrogenase complex	GO:0016746;GO:0004149	GO:0033512;GO:0006099	acyltransferase activity;dihydrolipoyllysine-residue succinyltransferase activity	L-lysine catabolic process to acetyl-CoA via saccharopine;tricarboxylic acid cycle	GO:0005739	mitochondrion	RNA binding;dihydrolipoyllysine-residue succinyltransferase activity	GO:0003723;GO:0004149	GO:0006103	2-oxoglutarate metabolic process	Q8IEA6
271	PF3D7_1322300	PF3D7_1322300.1	303	PF3D7_1322300	BRCT domain-containing protein, putative		None								GO:0005634	nucleus					A0A5K1K8R9
272	PF3D7_1323100	PF3D7_1323100.1	129	PF3D7_1323100	60S ribosomal protein L6, putative		None	PF00347	GO:0005840	ribosome	GO:0019843;GO:0003735	GO:0006412	rRNA binding;structural constituent of ribosome	translation	GO:0022625;GO:0015934;GO:0005634	cytosolic large ribosomal subunit;large ribosomal subunit;nucleus	RNA binding;structural constituent of ribosome	GO:0003723;GO:0003735	GO:0002181;GO:0006412	cytoplasmic translation;translation	Q8IE85
273	PF3D7_1324200	PF3D7_1324200.1	130	PF3D7_1324200	micro-fibrillar-associated protein, putative		None	PF06991							GO:0005684;GO:0031012	U2-type spliceosomal complex;extracellular matrix	extracellular matrix structural constituent	GO:0005201	GO:0000398	mRNA splicing, via spliceosome	Q8IE75
274	PF3D7_1325000	PF3D7_1325000.1	304	PF3D7_1325000	U6 snRNA-associated Sm-like protein LSm6, putative	LSM6	None	PF01423	GO:0005732	sno(s)RNA-containing ribonucleoprotein complex		GO:0000398		mRNA splicing, via spliceosome	GO:0000932;GO:0046540;GO:0005688;GO:0005730;GO:0005634;GO:0005732;GO:0005681	P-body;U4/U6 x U5 tri-snRNP complex;U6 snRNP;nucleolus;nucleus;sno(s)RNA-containing ribonucleoprotein complex;spliceosomal complex	RNA binding	GO:0003723	GO:0000375;GO:0000398;GO:0030490	RNA splicing, via transesterification reactions;mRNA splicing, via spliceosome;maturation of SSU-rRNA	Q8IE68
275	PF3D7_1325500	PF3D7_1325500.1	305	PF3D7_1325500	PUA domain-containing protein		None	PF17785			GO:0003723		RNA binding								A0A5K1K8U8
276	PF3D7_1336900	PF3D7_1336900.1	306	PF3D7_1336900	tryptophan--tRNA ligase	cTrpRS	None	PF00579			GO:0005524;GO:0004812;GO:0000166;GO:0004830	GO:0006418;GO:0006436	ATP binding;aminoacyl-tRNA ligase activity;nucleotide binding;tryptophan-tRNA ligase activity	tRNA aminoacylation for protein translation;tryptophanyl-tRNA aminoacylation	GO:0005737;GO:0005829	cytoplasm;cytosol	tryptophan-tRNA ligase activity	GO:0004830	GO:0006436	tryptophanyl-tRNA aminoacylation	Q8IDW3
277	PF3D7_1340300	PF3D7_1340300.1	131	PF3D7_1340300	nucleolar complex protein 2, putative		None	PF03715							GO:0030690;GO:0030691;GO:0036396;GO:0005730;GO:0005654	Noc1p-Noc2p complex;Noc2p-Noc3p complex;RNA N6-methyladenosine methyltransferase complex;nucleolus;nucleoplasm			GO:0042273	ribosomal large subunit biogenesis	Q8IDT3
278	PF3D7_1346300	PF3D7_1346300.1	132	PF3D7_1346300	DNA/RNA-binding protein Alba 2	ALBA2	None	PF01918			GO:0003676		nucleic acid binding		GO:0005737;GO:0005634	cytoplasm;nucleus	DNA binding;RNA binding;mRNA binding	GO:0003677;GO:0003723;GO:0003729			Q8IDN4
279	PF3D7_1347500	PF3D7_1347500.1	133	PF3D7_1347500	DNA/RNA-binding protein Alba 4	ALBA4	None				GO:0003676		nucleic acid binding		GO:0005737;GO:0005829;GO:0020020;GO:0005634	cytoplasm;cytosol;food vacuole;nucleus	DNA binding;RNA binding;mRNA binding;protein-containing complex binding	GO:0003677;GO:0003723;GO:0003729;GO:0044877	GO:0006417	regulation of translation	A0A5K1K8Y8
280	PF3D7_1353400	PF3D7_1353400.1	307	PF3D7_1353400	Ran-binding protein, putative		None				GO:0003723;GO:0046872;GO:0003676		RNA binding;metal ion binding;nucleic acid binding								Q8IDG6
281	PF3D7_1354600	PF3D7_1354600.1	308	PF3D7_1354600	60S ribosomal protein L7, putative		None								GO:0022625	cytosolic large ribosomal subunit	RNA binding;structural constituent of ribosome	GO:0003723;GO:0003735	GO:0000463	maturation of LSU-rRNA from tricistronic rRNA transcript (SSU-rRNA, 5.8S rRNA, LSU-rRNA)	C0H5I4
282	PF3D7_1359000	PF3D7_1359000.1	309	PF3D7_1359000	conserved Plasmodium protein, unknown function		None		GO:0016021;GO:0005634;GO:0030688	integral component of membrane;nucleus;preribosome, small subunit precursor		GO:0006364		rRNA processing							C0H5J0
283	PF3D7_1359400	PF3D7_1359400.1	310	PF3D7_1359400	CUGBP Elav-like family member 1	CELF1	None	PF00076;PF00397	GO:1990904	ribonucleoprotein complex	GO:0003723;GO:0003676;GO:0005515		RNA binding;nucleic acid binding;protein binding		GO:0005737;GO:0005634;GO:1990904	cytoplasm;nucleus;ribonucleoprotein complex	RNA binding;mRNA binding	GO:0003723;GO:0003729			Q8IDB7
284	PF3D7_1359600	PF3D7_1359600.1	134	PF3D7_1359600	conserved Plasmodium protein, unknown function		None								GO:0005634	nucleus					A0A5K1K8U0,Q25915
285	PF3D7_1360100	PF3D7_1360100.1	311	PF3D7_1360100	RNA-binding protein, putative	RRM1	None	PF00076			GO:0003676		nucleic acid binding		GO:0005634;GO:0097526	nucleus;spliceosomal tri-snRNP complex	mRNA binding	GO:0003729	GO:0048024	regulation of mRNA splicing, via spliceosome	Q8IDA4
286	PF3D7_1360700	PF3D7_1360700.1	312	PF3D7_1360700	E3 SUMO-protein ligase PIAS, putative	PIAS	None	PF02891			GO:0016746;GO:0016874;GO:0008270	GO:0016925	acyltransferase activity;ligase activity;zinc ion binding	protein sumoylation			SUMO transferase activity	GO:0019789	GO:0016925	protein sumoylation	A0A5K1K9G1
287	PF3D7_1360900	PF3D7_1360900.1	135	PF3D7_1360900	RNA-binding protein, putative		None	PF00076			GO:0003676		nucleic acid binding		GO:0005634;GO:1990904	nucleus;ribonucleoprotein complex	RNA binding	GO:0003723			C0H5J5
288	PF3D7_1364300	PF3D7_1364300.1	136	PF3D7_1364300	pre-mRNA-splicing factor ATP-dependent RNA helicase PRP16	PRP16	None	PF00270;PF00271;PF04408;PF07717			GO:0005524;GO:0003724;GO:0004386;GO:0003676		ATP binding;RNA helicase activity;helicase activity;nucleic acid binding		GO:0005634	nucleus	RNA helicase activity	GO:0003724			A0A5K1K9B8
289	PF3D7_1366900	PF3D7_1366900.1	313	PF3D7_1366900	conserved protein, unknown function		None								GO:0005737;GO:0005634	cytoplasm;nucleus	mRNA binding	GO:0003729			Q8ID39
290	PF3D7_1367400	PF3D7_1367400.1	314	PF3D7_1367400	conserved Plasmodium protein, unknown function		None				GO:0003723		RNA binding		GO:0030686;GO:0005730;GO:0030688	90S preribosome;nucleolus;preribosome, small subunit precursor	RNA binding	GO:0003723	GO:0000480;GO:0000447;GO:0000472;GO:0000056	endonucleolytic cleavage in 5'-ETS of tricistronic rRNA transcript (SSU-rRNA, 5.8S rRNA, LSU-rRNA);endonucleolytic cleavage in ITS1 to separate SSU-rRNA from 5.8S rRNA and LSU-rRNA from tricistronic rRNA transcript (SSU-rRNA, 5.8S rRNA, LSU-rRNA);endonucleolytic cleavage to generate mature 5'-end of	Q8ID34
291	PF3D7_1367600	PF3D7_1367600.1	315	PF3D7_1367600	ribosome biogenesis protein MRT4, putative		None	PF00466;PF17777				GO:0042254		ribosome biogenesis	GO:0005730;GO:0005634;GO:0030687	nucleolus;nucleus;preribosome, large subunit precursor			GO:0000956;GO:0006364;GO:0000027;GO:0042273	nuclear-transcribed mRNA catabolic process;rRNA processing;ribosomal large subunit assembly;ribosomal large subunit biogenesis	Q8ID32
292	PF3D7_1368400	PF3D7_1368400.1	316	PF3D7_1368400	ribosomal protein L1, putative		None	PF00687	GO:0005840	ribosome											Q8ID26
293	PF3D7_1369500	PF3D7_1369500.1	317	PF3D7_1369500	nuclear cap-binding protein subunit 1, putative		None		GO:0005846	nuclear cap binding complex	GO:0000339	GO:0045292;GO:0051028	RNA cap binding	mRNA cis splicing, via spliceosome;mRNA transport			mRNA cap binding	GO:0098808			A0A5K1K8X7
294	PF3D7_1369700	PF3D7_1369700.1	318	PF3D7_1369700	U2 small nuclear ribonucleoprotein A', putative	SNRPA1	None	PF14580			GO:0005515		protein binding		GO:0005681	spliceosomal complex			GO:0000398	mRNA splicing, via spliceosome	C0H5L8
295	PF3D7_1402400	PF3D7_1402400.1	137	PF3D7_1402400	zinc finger protein, putative		None		GO:0005634	nucleus	GO:0003676;GO:0008270	GO:0000398	nucleic acid binding;zinc ion binding	mRNA splicing, via spliceosome	GO:0071011	precatalytic spliceosome	RNA binding	GO:0003723	GO:0008380	RNA splicing	Q8IM65
296	PF3D7_1402500	PF3D7_1402500.1	319	PF3D7_1402500	ribosomal protein S27a, putative		None	PF00240;PF01599	GO:0005840	ribosome	GO:0046872;GO:0005515;GO:0003735	GO:0006412	metal ion binding;protein binding;structural constituent of ribosome	translation	GO:0005737;GO:0005634	cytoplasm;nucleus	protein tag;structural constituent of ribosome;ubiquitin protein ligase binding	GO:0031386;GO:0003735;GO:0031625	GO:0019941;GO:0016567	modification-dependent protein catabolic process;protein ubiquitination	Q8IM64
297	PF3D7_1402700	PF3D7_1402700.1	320	PF3D7_1402700	U2 snRNP-associated SURP motif-containing protein, putative	SR140	None	PF00076;PF01805;PF04818			GO:0003723;GO:0003676	GO:0006396	RNA binding;nucleic acid binding	RNA processing							A0A144A0W9
298	PF3D7_1404000	PF3D7_1404000.1	138	PF3D7_1404000	DNA-directed RNA polymerase II subunit RPB4, putative	RPB4	None	PF03874	GO:0030880;GO:0005634	RNA polymerase complex;nucleus	GO:0003899;GO:0000166	GO:0006352;GO:0044237	DNA-directed 5'-3' RNA polymerase activity;nucleotide binding	DNA-templated transcription, initiation;cellular metabolic process							Q8IM54
299	PF3D7_1404500	PF3D7_1404500.1	321	PF3D7_1404500	rRNA biogenesis protein RRP5, putative	RRP5	None				GO:0005515	GO:0006396	protein binding	RNA processing	GO:0005730;GO:0032040	nucleolus;small-subunit processome	RNA binding	GO:0003723			Q8IM49
300	PF3D7_1405800	PF3D7_1405800.1	322	PF3D7_1405800	ribosome biogenesis protein BOP1, putative	BOP1	None	PF08145	GO:0005654	nucleoplasm	GO:0005515	GO:0000466;GO:0006364;GO:0042254	protein binding	maturation of 5.8S rRNA from tricistronic rRNA transcript (SSU-rRNA, 5.8S rRNA, LSU-rRNA);rRNA processing;ribosome biogenesis	GO:0070545;GO:0030687	PeBoW complex;preribosome, large subunit precursor	ribonucleoprotein complex binding	GO:0043021	GO:0000463	maturation of LSU-rRNA from tricistronic rRNA transcript (SSU-rRNA, 5.8S rRNA, LSU-rRNA)	Q8IM36
301	PF3D7_1405900	PF3D7_1405900.1	323	PF3D7_1405900	RNA-binding protein, putative		None	PF00076			GO:0003676		nucleic acid binding		GO:0005737;GO:0005634	cytoplasm;nucleus	RNA binding;mRNA binding	GO:0003723;GO:0003729			A0A144A153
302	PF3D7_1407500	PF3D7_1407500.1	324	PF3D7_1407500	multifunctional methyltransferase subunit TRM112, putative	TRM112	None	PF03966			GO:0008168;GO:0046982		methyltransferase activity;protein heterodimerization activity						GO:0018364;GO:0070476;GO:0042273;GO:0042274;GO:0030488	peptidyl-glutamine methylation;rRNA (guanine-N7)-methylation;ribosomal large subunit biogenesis;ribosomal small subunit biogenesis;tRNA methylation	Q8IM19
303	PF3D7_1409800	PF3D7_1409800.1	139	PF3D7_1409800	CUGBP Elav-like family member 2, putative	CELF2	None	PF00076;PF00397	GO:1990904	ribonucleoprotein complex	GO:0003723;GO:0003676;GO:0005515		RNA binding;nucleic acid binding;protein binding		GO:0043186;GO:0005737;GO:0005634;GO:1990904	P granule;cytoplasm;nucleus;ribonucleoprotein complex	RNA binding;mRNA binding	GO:0003723;GO:0003729			Q8ILZ7
304	PF3D7_1411400	PF3D7_1411400.1	325	PF3D7_1411400	plastid replication-repair enzyme	PREX	None	PF00476;PF01612;PF13481			GO:0008408;GO:0005524;GO:0003677;GO:0003678;GO:0003887;GO:0003676	GO:0006260;GO:0006261;GO:0006139	3'-5' exonuclease activity;ATP binding;DNA binding;DNA helicase activity;DNA-directed DNA polymerase activity;nucleic acid binding	DNA replication;DNA-dependent DNA replication;nucleobase-containing compound metabolic process	GO:0020011	apicoplast	3'-5' exonuclease activity;DNA helicase activity;DNA primase activity;DNA-directed DNA polymerase activity;protein binding;single-stranded DNA binding	GO:0008408;GO:0003678;GO:0003896;GO:0003887;GO:0005515;GO:0003697	GO:0045004;GO:0034599;GO:0033259	DNA replication proofreading;cellular response to oxidative stress;plastid DNA replication	Q8ILY1
305	PF3D7_1411500	PF3D7_1411500.1	326	PF3D7_1411500	conserved Plasmodium protein, unknown function		None								GO:0005730	nucleolus	RNA binding	GO:0003723	GO:0042274	ribosomal small subunit biogenesis	Q8ILY0
306	PF3D7_1411600	PF3D7_1411600.1	140	PF3D7_1411600	GTP-binding protein Obg1	Obg1	None	PF01018;PF01926;PF09269	GO:0016021	integral component of membrane	GO:0005525;GO:0000166		GTP binding;nucleotide binding		GO:0020011;GO:0005739	apicoplast;mitochondrion	DNA binding;GTP binding;GTPase activity;ribosome binding	GO:0003677;GO:0005525;GO:0003924;GO:0043022			A0A144A1B2
307	PF3D7_1411700	PF3D7_1411700.1	327	PF3D7_1411700	methyltransferase, putative		None	PF05971			GO:0008168		methyltransferase activity		GO:0005739;GO:0005634	mitochondrion;nucleus	23S rRNA (adenine(1618)-N(6))-methyltransferase activity	GO:0052907	GO:0070475	rRNA base methylation	Q8ILX8
308	PF3D7_1412300	PF3D7_1412300.1	328	PF3D7_1412300	nuclear transport factor 2, putative	NTF2	None	PF02136							GO:0044613	nuclear pore central transport channel			GO:0006913;GO:0006606	nucleocytoplasmic transport;protein import into nucleus	Q8ILX1
309	PF3D7_1412700	PF3D7_1412700.1	329	PF3D7_1412700	AAA family ATPase, putative		None	PF00004;PF17862			GO:0005524;GO:0016887		ATP binding;ATP hydrolysis activity		GO:0005737	cytoplasm	ATP hydrolysis activity	GO:0016887			Q8ILW7
310	PF3D7_1414100	PF3D7_1414100.1	330	PF3D7_1414100	zinc finger protein, putative		None	PF13696			GO:0003676;GO:0061630;GO:0008270	GO:0006397;GO:0016567	nucleic acid binding;ubiquitin protein ligase activity;zinc ion binding	mRNA processing;protein ubiquitination							Q8ILV4
311	PF3D7_1415300	PF3D7_1415300.1	141	PF3D7_1415300	RNA-binding protein Nova-1, putative		None	PF00013			GO:0003723;GO:0003676		RNA binding;nucleic acid binding		GO:0005737;GO:0005634	cytoplasm;nucleus	RNA binding;mRNA binding	GO:0003723;GO:0003729	GO:0010468	regulation of gene expression	Q8ILU3
312	PF3D7_1415400	PF3D7_1415400.1	331	PF3D7_1415400	Btz domain-containing protein, putative		None		GO:0005737;GO:0005634	cytoplasm;nucleus	GO:0003723	GO:0008380;GO:0006397;GO:0051028;GO:0000184;GO:0006417	RNA binding	RNA splicing;mRNA processing;mRNA transport;nuclear-transcribed mRNA catabolic process, nonsense-mediated decay;regulation of translation	GO:0005634	nucleus	mRNA binding	GO:0003729			Q8ILU2
313	PF3D7_1415800	PF3D7_1415800.1	332	PF3D7_1415800	ribosomal RNA small subunit methyltransferase A1	KsgA1	None	PF00398			GO:0003723;GO:0000179;GO:0008649	GO:0000154;GO:0006364	RNA binding;rRNA (adenine-N6,N6-)-dimethyltransferase activity;rRNA methyltransferase activity	rRNA modification;rRNA processing	GO:0005737;GO:0005739	cytoplasm;mitochondrion	DNA binding;protein binding;rRNA (adenine-N6,N6-)-dimethyltransferase activity;rRNA methyltransferase activity	GO:0003677;GO:0005515;GO:0000179;GO:0008649	GO:0006352;GO:0031167;GO:0000154	DNA-templated transcription, initiation;rRNA methylation;rRNA modification	Q8ILT8
314	PF3D7_1416800	PF3D7_1416800.1	142	PF3D7_1416800	lysine--tRNA ligase, putative	KRS2	None	PF00152	GO:0005737	cytoplasm	GO:0005524;GO:0004812;GO:0004824;GO:0000166	GO:0006430;GO:0006418	ATP binding;aminoacyl-tRNA ligase activity;lysine-tRNA ligase activity;nucleotide binding	lysyl-tRNA aminoacylation;tRNA aminoacylation for protein translation	GO:0020011;GO:0005829	apicoplast;cytosol	lysine-tRNA ligase activity;tRNA binding	GO:0004824;GO:0000049	GO:0006430	lysyl-tRNA aminoacylation	Q8ILS8
315	PF3D7_1417100	PF3D7_1417100.1	143	PF3D7_1417100	conserved Plasmodium protein, unknown function		None				GO:0003676		nucleic acid binding								Q8ILS5
316	PF3D7_1417200	PF3D7_1417200.1	333	PF3D7_1417200	CCR4-NOT transcription complex subunit NOT1, putative	NOT1	None	PF04054;PF12842	GO:0030015	CCR4-NOT core complex		GO:0006417		regulation of translation	GO:0030014;GO:0030015;GO:0000932;GO:0005829;GO:0005634	CCR4-NOT complex;CCR4-NOT core complex;P-body;cytosol;nucleus	mRNA binding;molecular adaptor activity	GO:0003729;GO:0060090	GO:0017148;GO:0000288	negative regulation of translation;nuclear-transcribed mRNA catabolic process, deadenylation-dependent decay	Q8ILS4
317	PF3D7_1418900	PF3D7_1418900.1	334	PF3D7_1418900	ATP-dependent RNA helicase DBP4, putative	DBP4	None	PF00270;PF00271			GO:0005524;GO:0003723;GO:0004386;GO:0003676		ATP binding;RNA binding;helicase activity;nucleic acid binding		GO:0005634	nucleus	RNA helicase activity	GO:0003724	GO:0006364	rRNA processing	A0A346QRU7,A0A346QRU8,A7U5X3,C6S3H8
318	PF3D7_1419000	PF3D7_1419000.1	335	PF3D7_1419000	conserved Plasmodium protein, unknown function		None								GO:0005634	nucleus					Q8ILR0
319	PF3D7_1419400	PF3D7_1419400.1	144	PF3D7_1419400	conserved Plasmodium membrane protein, unknown function		None														Q8ILQ6
320	PF3D7_1419900	PF3D7_1419900.1	336	PF3D7_1419900	YTH domain-containing protein 1, putative	YTH1	None	PF04146			GO:0003723;GO:0046872		RNA binding;metal ion binding		GO:0005737;GO:0005654;GO:0005634	cytoplasm;nucleoplasm;nucleus	N6-methyladenosine-containing RNA binding;mRNA binding	GO:1990247;GO:0003729	GO:0000398;GO:0048024	mRNA splicing, via spliceosome;regulation of mRNA splicing, via spliceosome	Q8ILQ1
321	PF3D7_1420000	PF3D7_1420000.1	145	PF3D7_1420000	splicing factor 3B subunit 4, putative	SF3B4	None	PF00076			GO:0003676		nucleic acid binding		GO:0005686;GO:1990904;GO:0005681	U2 snRNP;ribonucleoprotein complex;spliceosomal complex	RNA binding	GO:0003723	GO:0008380;GO:0000375;GO:0000398	RNA splicing;RNA splicing, via transesterification reactions;mRNA splicing, via spliceosome	Q8ILQ0
322	PF3D7_1422400	PF3D7_1422400.1	146	PF3D7_1422400	nucleolar RNA-associated protein, putative		None	PF17404;PF17406							GO:0032545;GO:0034456;GO:0005730;GO:0032040	CURI complex;UTP-C complex;nucleolus;small-subunit processome	RNA binding	GO:0003723	GO:0006364;GO:0006409	rRNA processing;tRNA export from nucleus	Q8ILM9
323	PF3D7_1423000	PF3D7_1423000.1	337	PF3D7_1423000	nucleolar GTP-binding protein 2, putative	NOG2	None	PF01926;PF08153	GO:0005730	nucleolus	GO:0005525;GO:0016787		GTP binding;hydrolase activity		GO:0005730;GO:0030687	nucleolus;preribosome, large subunit precursor	GTPase activity	GO:0003924	GO:0000055	ribosomal large subunit export from nucleus	Q8ILM2
324	PF3D7_1423700	PF3D7_1423700.1	338	PF3D7_1423700	NTF2-like domain-containing protein, putative		None								GO:0005737;GO:0005634	cytoplasm;nucleus					Q8ILL5
325	PF3D7_1425400	PF3D7_1425400.1	339	PF3D7_1425400	DEAD/DEAH box helicase, putative		None	PF00270;PF00271			GO:0005524;GO:0003724;GO:0003676		ATP binding;RNA helicase activity;nucleic acid binding		GO:0071013	catalytic step 2 spliceosome	RNA binding;helicase activity	GO:0003723;GO:0004386	GO:0000398	mRNA splicing, via spliceosome	Q8ILK9
326	PF3D7_1429400	PF3D7_1429400.1	147	PF3D7_1429400	rRNA (adenosine-2'-O-)-methyltransferase, putative		None	PF00588			GO:0003723;GO:0008173	GO:0006396	RNA binding;RNA methyltransferase activity	RNA processing			tRNA (guanine) methyltransferase activity	GO:0016423	GO:0030488	tRNA methylation	Q8ILH0
327	PF3D7_1429900	PF3D7_1429900.1	148	PF3D7_1429900	ADP-dependent DNA helicase RecQ	WRN	None	PF00270;PF00271;PF09382;PF16124			GO:0043138;GO:0005524;GO:0004386;GO:0003676;GO:0000166	GO:0006310;GO:0006281;GO:0006260;GO:0044237	3'-5' DNA helicase activity;ATP binding;helicase activity;nucleic acid binding;nucleotide binding	DNA recombination;DNA repair;DNA replication;cellular metabolic process	GO:0005694;GO:0000781;GO:0005737;GO:0005634	chromosome;chromosome, telomeric region;cytoplasm;nucleus	3'-5' DNA helicase activity;DNA helicase activity;four-way junction helicase activity;protein binding	GO:0043138;GO:0003678;GO:0009378;GO:0005515	GO:0032508;GO:0006310;GO:0006281;GO:0006268;GO:0000724	DNA duplex unwinding;DNA recombination;DNA repair;DNA unwinding involved in DNA replication;double-strand break repair via homologous recombination	A0A0A1E5G7,Q8ILG5
328	PF3D7_1432500	PF3D7_1432500.1	340	PF3D7_1432500	RNA methyltransferase, putative		None	PF02598			GO:0009020		tRNA (guanosine-2'-O-)-methyltransferase activity								Q8ILD7
329	PF3D7_1435700	PF3D7_1435700.1	341	PF3D7_1435700	ataxin-2 like protein, putative		None	PF06741;PF14438							GO:0010494;GO:0005739	cytoplasmic stress granule;mitochondrion	RNA binding	GO:0003723	GO:0010603;GO:0034063	regulation of cytoplasmic mRNA processing body assembly;stress granule assembly	Q8ILA7
331	PF3D7_1435800	PF3D7_1435800.1	149	PF3D7_1435800	GTPase Era, putative	ERA	None	PF01926			GO:0005525;GO:0003723;GO:0016787		GTP binding;RNA binding;hydrolase activity		GO:0005739	mitochondrion	rRNA binding;ribosomal small subunit binding	GO:0019843;GO:0043024	GO:0000028	ribosomal small subunit assembly	Q8ILA6
332	PF3D7_1439100	PF3D7_1439100.1	342	PF3D7_1439100	DEAD/DEAH box helicase, putative		None	PF00270;PF00271;PF02889			GO:0005524;GO:0003676		ATP binding;nucleic acid binding		GO:0005737	cytoplasm	RNA helicase activity	GO:0003724			Q8IL78
333	PF3D7_1441200	PF3D7_1441200.1	343	PF3D7_1441200	60S ribosomal protein L1, putative		None	PF00687	GO:0015934	large ribosomal subunit	GO:0003723;GO:0003735	GO:0006412	RNA binding;structural constituent of ribosome	translation	GO:0022625;GO:0005622;GO:0005634	cytosolic large ribosomal subunit;intracellular;nucleus	RNA binding;structural constituent of ribosome	GO:0003723;GO:0003735	GO:0000470;GO:0006412	maturation of LSU-rRNA;translation	Q8IL58
334	PF3D7_1443300	PF3D7_1443300.1	150	PF3D7_1443300	U6 snRNA-associated Sm-like protein LSm5, putative	LSM5	None	PF01423	GO:0005681	spliceosomal complex	GO:0003723		RNA binding		GO:1990726;GO:0046540;GO:0005688;GO:0005634;GO:0005732	Lsm1-7-Pat1 complex;U4/U6 x U5 tri-snRNP complex;U6 snRNP;nucleus;sno(s)RNA-containing ribonucleoprotein complex			GO:0008380;GO:0000398	RNA splicing;mRNA splicing, via spliceosome	Q8IL38
335	PF3D7_1445200	PF3D7_1445200.1	344	PF3D7_1445200	ATP-dependent RNA helicase MAK5, putative	MAK5	None	PF00270;PF00271			GO:0005524;GO:0003724;GO:0003676		ATP binding;RNA helicase activity;nucleic acid binding		GO:0005730;GO:0005634	nucleolus;nucleus	helicase activity	GO:0004386	GO:0042273	ribosomal large subunit biogenesis	Q8IL21
336	PF3D7_1445500	PF3D7_1445500.1	345	PF3D7_1445500	exosome-associated factor Rrp47, putative		None	PF04000							GO:0000178;GO:0005730	exosome (RNase complex);nucleolus	DNA binding;RNA binding	GO:0003677;GO:0003723	GO:0000460;GO:0010468	maturation of 5.8S rRNA;regulation of gene expression	Q8IL18
337	PF3D7_1445600	PF3D7_1445600.1	346	PF3D7_1445600	RNA-binding protein, putative		None	PF00076;PF07744			GO:0003723;GO:0003676		RNA binding;nucleic acid binding		GO:0005634	nucleus					Q8IL17
338	PF3D7_1450400	PF3D7_1450400.1	151	PF3D7_1450400	E3 ubiquitin-protein ligase ZNF598, putative		None								GO:0005634	nucleus					Q8IKX2
339	PF3D7_1450600	PF3D7_1450600.1	152	PF3D7_1450600	S-adenosylmethionine-dependent methyltransferase, putative		None	PF10672;PF17785			GO:0003723;GO:0030732;GO:0008168	GO:0032259	RNA binding;methionine S-methyltransferase activity;methyltransferase activity	methylation							Q8IKX0
340	PF3D7_1454000	PF3D7_1454000.1	153	PF3D7_1454000	RNA-binding protein, putative		None	PF00076;PF01585			GO:0003676	GO:0043484	nucleic acid binding	regulation of RNA splicing			RNA binding	GO:0003723	GO:0006281;GO:0000380;GO:0000381	DNA repair;alternative mRNA splicing, via spliceosome;regulation of alternative mRNA splicing, via spliceosome	Q8IKT8
341	PF3D7_1457700	PF3D7_1457700.1	154	PF3D7_1457700	large ribosomal subunit nuclear export factor, putative		None	PF03914													Q8IKQ3
342	PF3D7_1458800	PF3D7_1458800.1	155	PF3D7_1458800	DNA-directed RNA polymerase III subunit RPC5, putative		None	PF04801	GO:0005634	nucleus	GO:0003899	GO:0006351	DNA-directed 5'-3' RNA polymerase activity	transcription, DNA-templated	GO:0005666	RNA polymerase III complex					Q8IKP3
343	PF3D7_1460300	PF3D7_1460300.1	156	PF3D7_1460300	60S ribosomal protein L29, putative	RPL29	None	PF01779	GO:0005840	ribosome	GO:0003735	GO:0006412	structural constituent of ribosome	translation	GO:0022625;GO:0005634	cytosolic large ribosomal subunit;nucleus	structural constituent of ribosome	GO:0003735	GO:0002181	cytoplasmic translation	C6S3J6
344	PF3D7_1461200	PF3D7_1461200.1	157	PF3D7_1461200	U3 small nucleolar ribonucleoprotein protein IMP3, putative	IMP3	None	PF00163;PF01479			GO:0003723;GO:0019843		RNA binding;rRNA binding		GO:0034457;GO:0032040	Mpp10 complex;small-subunit processome	snoRNA binding	GO:0030515	GO:0006364;GO:0042274	rRNA processing;ribosomal small subunit biogenesis	A0A144A2N8
345	PF3D7_1461600	PF3D7_1461600.1	347	PF3D7_1461600	splicing factor 3B subunit 2, putative	SF3B2	None	PF04037;PF04046	GO:0005634	nucleus					GO:0005686;GO:0005684;GO:0071013;GO:0005634;GO:0071011;GO:0005681	U2 snRNP;U2-type spliceosomal complex;catalytic step 2 spliceosome;nucleus;precatalytic spliceosome;spliceosomal complex			GO:0000398	mRNA splicing, via spliceosome	Q8IKL7
346	PF3D7_1463200	PF3D7_1463200.1	348	PF3D7_1463200	replication factor C subunit 3, putative	RFC3	None	PF00004;PF08542			GO:0005524;GO:0016887;GO:0003677	GO:0006260	ATP binding;ATP hydrolysis activity;DNA binding	DNA replication	GO:0005663;GO:0043626;GO:0005634	DNA replication factor C complex;PCNA complex;nucleus			GO:0006281;GO:0006260;GO:0006271;GO:0006261;GO:0006272	DNA repair;DNA replication;DNA strand elongation involved in DNA replication;DNA-dependent DNA replication;leading strand elongation	Q8IKK4,Q9GR09
347	PF3D7_1463400	PF3D7_1463400.1	158	PF3D7_1463400	DNA-directed RNA polymerase III subunit RPC4, putative		None	PF05132	GO:0005666	RNA polymerase III complex	GO:0003677;GO:0003899	GO:0006383	DNA binding;DNA-directed 5'-3' RNA polymerase activity	transcription by RNA polymerase III	GO:0005666	RNA polymerase III complex					Q8IKK2
348	PF3D7_1464200	PF3D7_1464200.1	159	PF3D7_1464200	zinc finger CCCH domain-containing protein, putative	ZFP	None	PF00642			GO:0046872		metal ion binding								Q8IKJ5
349	PF3D7_1466700	PF3D7_1466700.1	349	PF3D7_1466700	60S ribosome subunit biogenesis protein NIP7, putative	NIP7	None	PF03657;PF17833	GO:0005634	nucleus	GO:0003723	GO:0042255	RNA binding	ribosome assembly	GO:0005730;GO:0030687	nucleolus;preribosome, large subunit precursor			GO:0042273	ribosomal large subunit biogenesis	Q8IKH0
350	PF3D7_1467500	PF3D7_1467500.1	350	PF3D7_1467500	DNA/RNA-binding protein KIN17, putative		None	PF10357;PF18131							GO:0005634	nucleus	double-stranded DNA binding	GO:0003690	GO:0006260;GO:0006974	DNA replication;cellular response to DNA damage stimulus	Q8IKG2
351	PF3D7_1468800	PF3D7_1468800.1	160	PF3D7_1468800	splicing factor U2AF large subunit, putative	U2AF2	None	PF00076	GO:0005634	nucleus	GO:0003723;GO:0003676	GO:0006397	RNA binding;nucleic acid binding	mRNA processing	GO:0071004;GO:0089701;GO:0000243;GO:0016607;GO:0005634;GO:0005681	U2-type prespliceosome;U2AF complex;commitment complex;nuclear speck;nucleus;spliceosomal complex	RNA binding;poly-pyrimidine tract binding;pre-mRNA 3'-splice site binding	GO:0003723;GO:0008187;GO:0030628	GO:0000398	mRNA splicing, via spliceosome	Q8IKE9
352	PF3D7_1469300	PF3D7_1469300.1	351	PF3D7_1469300	pre-rRNA-processing protein PNO1, putative	PNO1	None	PF00013			GO:0003723;GO:0003676		RNA binding;nucleic acid binding		GO:0005730	nucleolus	unfolded protein binding	GO:0051082			Q8IKE4
353	PF3D7_1470600	PF3D7_1470600.1	352	PF3D7_1470600	RAP protein RAP21	RAP21	None	PF08373							GO:0005739;GO:0005634	mitochondrion;nucleus	mitochondrial ribosome binding;rRNA binding	GO:0097177;GO:0019843			A0A144A2U7
354	PF3D7_1473900	PF3D7_1473900.1	161	PF3D7_1473900	ribosome assembly 1 protein	NUF1P1	None	PF10453									protein binding	GO:0005515			Q8IK99
355	PF3D7_1474500	PF3D7_1474500.1	162	PF3D7_1474500	splicing factor 3A subunit 1, putative	SF3A1	None	PF01805;PF12230			GO:0003723	GO:0006396;GO:0008380;GO:0006397	RNA binding	RNA processing;RNA splicing;mRNA processing	GO:0005686;GO:0071004;GO:0071013;GO:0005634;GO:0005681	U2 snRNP;U2-type prespliceosome;catalytic step 2 spliceosome;nucleus;spliceosomal complex	RNA binding	GO:0003723	GO:0000398	mRNA splicing, via spliceosome	Q8IK93
356	PF3D7_1474900	PF3D7_1474900.1	353	PF3D7_1474900	trailer hitch homolog, putative	CITH	None	PF12701							GO:0043186;GO:0000932;GO:0005737;GO:1990124;GO:0005634	P granule;P-body;cytoplasm;messenger ribonucleoprotein complex;nucleus	mRNA binding	GO:0003729	GO:0033962;GO:0006402;GO:0034063	P-body assembly;mRNA catabolic process;stress granule assembly	Q8IK89
